{"topic": "Abortion", "generated_at": "2025-09-14T12:36:23+00:00", "series": [{"month": "2024-12", "post_count": 1, "avg_reactions": 139.0, "avg_comments": 64.0, "avg_restacks": 13.0, "avg_reactions_per_1k": 7.31578947368421, "avg_comments_per_1k": 3.3684210526315788, "avg_restacks_per_1k": 0.6842105263157894}, {"month": "2025-08", "post_count": 2, "avg_reactions": 74.0, "avg_comments": 5.0, "avg_restacks": 8.5, "avg_reactions_per_1k": 1.5719895287958114, "avg_comments_per_1k": 0.12094240837696335, "avg_restacks_per_1k": 0.37617801047120425}]}