{"topic": "Abraham Lincoln", "generated_at": "2025-09-14T12:36:23+00:00", "series": [{"month": "2025-02", "post_count": 1, "avg_reactions": 56.0, "avg_comments": 0.0, "avg_restacks": 3.0, "avg_reactions_per_1k": 1.0980392156862746, "avg_comments_per_1k": 0.0, "avg_restacks_per_1k": 0.058823529411764705}, {"month": "2025-07", "post_count": 1, "avg_reactions": 16.0, "avg_comments": 26.0, "avg_restacks": 1.0, "avg_reactions_per_1k": 0.3137254901960784, "avg_comments_per_1k": 0.5098039215686274, "avg_restacks_per_1k": 0.0196078431372549}, {"month": "2025-08", "post_count": 1, "avg_reactions": 27.0, "avg_comments": 21.0, "avg_restacks": 5.0, "avg_reactions_per_1k": 0.5294117647058824, "avg_comments_per_1k": 0.4117647058823529, "avg_restacks_per_1k": 0.09803921568627451}]}