{"topic": "ACC", "generated_at": "2025-09-14T12:36:23+00:00", "series": [{"month": "2025-08", "post_count": 1, "avg_reactions": 8.0, "avg_comments": 21.0, "avg_restacks": 0.0, "avg_reactions_per_1k": 3.076923076923077, "avg_comments_per_1k": 8.076923076923077, "avg_restacks_per_1k": 0.0}]}