{"topic": "Accounts", "generated_at": "2025-09-14T12:36:23+00:00", "series": [{"month": "2025-02", "post_count": 2, "avg_reactions": 1343.5, "avg_comments": 122.0, "avg_restacks": 298.0, "avg_reactions_per_1k": 235.7017543859649, "avg_comments_per_1k": 21.403508771929822, "avg_restacks_per_1k": 52.280701754385966}, {"month": "2025-04", "post_count": 1, "avg_reactions": 56.0, "avg_comments": 15.0, "avg_restacks": 20.0, "avg_reactions_per_1k": 9.82456140350877, "avg_comments_per_1k": 2.631578947368421, "avg_restacks_per_1k": 3.508771929824561}, {"month": "2025-05", "post_count": 2, "avg_reactions": 65.0, "avg_comments": 15.5, "avg_restacks": 19.5, "avg_reactions_per_1k": 11.403508771929824, "avg_comments_per_1k": 2.719298245614035, "avg_restacks_per_1k": 3.421052631578947}, {"month": "2025-06", "post_count": 1, "avg_reactions": 83.0, "avg_comments": 0.0, "avg_restacks": 13.0, "avg_reactions_per_1k": 14.56140350877193, "avg_comments_per_1k": 0.0, "avg_restacks_per_1k": 2.280701754385965}]}