{"topic": "Action", "generated_at": "2025-09-14T12:36:23+00:00", "series": [{"month": "2025-04", "post_count": 2, "avg_reactions": 234.5, "avg_comments": 174.5, "avg_restacks": 23.0, "avg_reactions_per_1k": 2.392857142857143, "avg_comments_per_1k": 1.780612244897959, "avg_restacks_per_1k": 0.2346938775510204}, {"month": "2025-05", "post_count": 2, "avg_reactions": 105.0, "avg_comments": 115.5, "avg_restacks": 8.5, "avg_reactions_per_1k": 1.0714285714285712, "avg_comments_per_1k": 1.1785714285714284, "avg_restacks_per_1k": 0.086734693877551}, {"month": "2025-06", "post_count": 2, "avg_reactions": 111.5, "avg_comments": 199.0, "avg_restacks": 7.5, "avg_reactions_per_1k": 1.137755102040816, "avg_comments_per_1k": 2.030612244897959, "avg_restacks_per_1k": 0.07653061224489796}, {"month": "2025-07", "post_count": 1, "avg_reactions": 100.0, "avg_comments": 219.0, "avg_restacks": 10.0, "avg_reactions_per_1k": 1.0204081632653061, "avg_comments_per_1k": 2.2346938775510203, "avg_restacks_per_1k": 0.1020408163265306}]}