{"topic": "Adolescence", "generated_at": "2025-09-14T12:36:23+00:00", "series": [{"month": "2025-06", "post_count": 1, "avg_reactions": 20.0, "avg_comments": 13.0, "avg_restacks": 1.0, "avg_reactions_per_1k": 0.4444444444444445, "avg_comments_per_1k": 0.2888888888888889, "avg_restacks_per_1k": 0.022222222222222223}]}