{"topic": "Adoption", "generated_at": "2025-09-14T12:36:23+00:00", "series": [{"month": "2025-08", "post_count": 1, "avg_reactions": 11.0, "avg_comments": 6.0, "avg_restacks": 2.0, "avg_reactions_per_1k": 16.39344262295082, "avg_comments_per_1k": 8.941877794336811, "avg_restacks_per_1k": 2.9806259314456036}]}