{"topic": "Adventure", "generated_at": "2025-09-14T12:36:23+00:00", "series": [{"month": "2025-03", "post_count": 1, "avg_reactions": 12.0, "avg_comments": 4.0, "avg_restacks": 0.0, "avg_reactions_per_1k": 3.1578947368421053, "avg_comments_per_1k": 1.0526315789473684, "avg_restacks_per_1k": 0.0}, {"month": "2025-04", "post_count": 3, "avg_reactions": 20.666666666666668, "avg_comments": 5.333333333333333, "avg_restacks": 0.0, "avg_reactions_per_1k": 5.438596491228069, "avg_comments_per_1k": 1.4035087719298245, "avg_restacks_per_1k": 0.0}, {"month": "2025-05", "post_count": 2, "avg_reactions": 229.5, "avg_comments": 58.0, "avg_restacks": 37.0, "avg_reactions_per_1k": 4.429314565483477, "avg_comments_per_1k": 0.9259485924112607, "avg_restacks_per_1k": 0.43023255813953487}]}