{"topic": "AerospaceEngineering", "generated_at": "2025-09-14T12:36:23+00:00", "series": [{"month": "2025-06", "post_count": 1, "avg_reactions": 13.0, "avg_comments": 0.0, "avg_restacks": 2.0, "avg_reactions_per_1k": 3.714285714285714, "avg_comments_per_1k": 0.0, "avg_restacks_per_1k": 0.5714285714285714}, {"month": "2025-07", "post_count": 2, "avg_reactions": 7.5, "avg_comments": 1.0, "avg_restacks": 1.5, "avg_reactions_per_1k": 2.1428571428571423, "avg_comments_per_1k": 0.2857142857142857, "avg_restacks_per_1k": 0.42857142857142855}, {"month": "2025-08", "post_count": 1, "avg_reactions": 1.0, "avg_comments": 0.0, "avg_restacks": 1.0, "avg_reactions_per_1k": 0.2857142857142857, "avg_comments_per_1k": 0.0, "avg_restacks_per_1k": 0.2857142857142857}, {"month": "2025-09", "post_count": 1, "avg_reactions": 1.0, "avg_comments": 0.0, "avg_restacks": 0.0, "avg_reactions_per_1k": 0.2857142857142857, "avg_comments_per_1k": 0.0, "avg_restacks_per_1k": 0.0}]}