{"topic": "Agents", "generated_at": "2025-09-14T12:36:23+00:00", "series": [{"month": "2025-07", "post_count": 2, "avg_reactions": 32.5, "avg_comments": 5.5, "avg_restacks": 2.5, "avg_reactions_per_1k": 0.25, "avg_comments_per_1k": 0.04230769230769231, "avg_restacks_per_1k": 0.019230769230769232}, {"month": "2025-08", "post_count": 4, "avg_reactions": 97.75, "avg_comments": 11.5, "avg_restacks": 11.25, "avg_reactions_per_1k": 0.7519230769230769, "avg_comments_per_1k": 0.08846153846153847, "avg_restacks_per_1k": 0.08653846153846154}]}