{"topic": "Agoraphobia", "generated_at": "2025-09-14T12:36:23+00:00", "series": [{"month": "2025-03", "post_count": 3, "avg_reactions": 34.0, "avg_comments": 4.0, "avg_restacks": 3.0, "avg_reactions_per_1k": 0.6666666666666666, "avg_comments_per_1k": 0.0784313725490196, "avg_restacks_per_1k": 0.0588235294117647}]}