{"topic": "AI Automations", "generated_at": "2025-09-14T12:36:23+00:00", "series": [{"month": "2025-08", "post_count": 4, "avg_reactions": 10.0, "avg_comments": 0.5, "avg_restacks": 2.75, "avg_reactions_per_1k": 0.9090909090909092, "avg_comments_per_1k": 0.045454545454545456, "avg_restacks_per_1k": 0.25}]}