{"topic": "AI Art", "generated_at": "2025-09-14T12:36:23+00:00", "series": [{"month": "2025-05", "post_count": 2, "avg_reactions": 15.5, "avg_comments": 4.5, "avg_restacks": 4.5, "avg_reactions_per_1k": 0.6109530583214794, "avg_comments_per_1k": 0.23684210526315788, "avg_restacks_per_1k": 0.2240398293029872}, {"month": "2025-06", "post_count": 2, "avg_reactions": 13.0, "avg_comments": 6.0, "avg_restacks": 6.0, "avg_reactions_per_1k": 0.6842105263157895, "avg_comments_per_1k": 0.3157894736842105, "avg_restacks_per_1k": 0.3157894736842105}, {"month": "2025-07", "post_count": 1, "avg_reactions": 141.0, "avg_comments": 11.0, "avg_restacks": 15.0, "avg_reactions_per_1k": 0.7382198952879582, "avg_comments_per_1k": 0.05759162303664922, "avg_restacks_per_1k": 0.07853403141361257}]}