{"topic": "AI Automation", "generated_at": "2025-09-14T12:36:23+00:00", "series": [{"month": "2025-05", "post_count": 7, "avg_reactions": 243.0, "avg_comments": 54.714285714285715, "avg_restacks": 60.142857142857146, "avg_reactions_per_1k": 11.246753246753247, "avg_comments_per_1k": 2.4870129870129873, "avg_restacks_per_1k": 2.7662337662337664}, {"month": "2025-06", "post_count": 4, "avg_reactions": 143.25, "avg_comments": 26.5, "avg_restacks": 35.75, "avg_reactions_per_1k": 6.590909090909091, "avg_comments_per_1k": 1.2045454545454546, "avg_restacks_per_1k": 1.6477272727272727}, {"month": "2025-08", "post_count": 5, "avg_reactions": 26.2, "avg_comments": 9.6, "avg_restacks": 4.6, "avg_reactions_per_1k": 1.7173469387755103, "avg_comments_per_1k": 0.6091836734693877, "avg_restacks_per_1k": 0.16437847866419295}]}