{"topic": "AI Bubble", "generated_at": "2025-09-14T12:36:23+00:00", "series": [{"month": "2025-07", "post_count": 2, "avg_reactions": 104.5, "avg_comments": 2.0, "avg_restacks": 20.5, "avg_reactions_per_1k": 3.9126518642647676, "avg_comments_per_1k": 0.09090909090909091, "avg_restacks_per_1k": 0.870548806032677}, {"month": "2025-08", "post_count": 8, "avg_reactions": 79.0, "avg_comments": 10.5, "avg_restacks": 14.75, "avg_reactions_per_1k": 3.5307654856817896, "avg_comments_per_1k": 0.5098536761971781, "avg_restacks_per_1k": 1.0721198552464648}, {"month": "2025-09", "post_count": 1, "avg_reactions": 22.0, "avg_comments": 8.0, "avg_restacks": 12.0, "avg_reactions_per_1k": 3.013698630136986, "avg_comments_per_1k": 1.095890410958904, "avg_restacks_per_1k": 1.643835616438356}]}