{"topic": "AI Books", "generated_at": "2025-09-14T12:36:23+00:00", "series": [{"month": "2025-08", "post_count": 1, "avg_reactions": 56.0, "avg_comments": 0.0, "avg_restacks": 6.0, "avg_reactions_per_1k": 0.25806451612903225, "avg_comments_per_1k": 0.0, "avg_restacks_per_1k": 0.027649769585253454}]}