{"topic": "AI Cloud", "generated_at": "2025-09-14T12:36:23+00:00", "series": [{"month": "2025-08", "post_count": 5, "avg_reactions": 16.2, "avg_comments": 0.4, "avg_restacks": 0.8, "avg_reactions_per_1k": 8.526315789473683, "avg_comments_per_1k": 0.21052631578947367, "avg_restacks_per_1k": 0.42105263157894735}]}