{"topic": "AI for Creators", "generated_at": "2025-09-14T12:36:23+00:00", "series": [{"month": "2025-06", "post_count": 8, "avg_reactions": 22.875, "avg_comments": 11.625, "avg_restacks": 3.875, "avg_reactions_per_1k": 2.4335106382978724, "avg_comments_per_1k": 1.2367021276595744, "avg_restacks_per_1k": 0.41223404255319146}, {"month": "2025-07", "post_count": 1, "avg_reactions": 82.0, "avg_comments": 23.0, "avg_restacks": 8.0, "avg_reactions_per_1k": 8.72340425531915, "avg_comments_per_1k": 2.4468085106382977, "avg_restacks_per_1k": 0.851063829787234}]}