{"topic": "AI in Tennis", "generated_at": "2025-09-14T12:36:23+00:00", "series": [{"month": "2025-08", "post_count": 1, "avg_reactions": 32.0, "avg_comments": 24.0, "avg_restacks": 5.0, "avg_reactions_per_1k": 4.63768115942029, "avg_comments_per_1k": 3.4782608695652177, "avg_restacks_per_1k": 0.7246376811594203}]}