{"topic": "AI Products", "generated_at": "2025-09-14T12:36:23+00:00", "series": [{"month": "2025-06", "post_count": 2, "avg_reactions": 5.0, "avg_comments": 4.5, "avg_restacks": 0.5, "avg_reactions_per_1k": 2.1739130434782608, "avg_comments_per_1k": 1.9565217391304348, "avg_restacks_per_1k": 0.21739130434782608}, {"month": "2025-07", "post_count": 9, "avg_reactions": 8.666666666666666, "avg_comments": 2.4444444444444446, "avg_restacks": 1.5555555555555556, "avg_reactions_per_1k": 1.8577075098814229, "avg_comments_per_1k": 0.8717610891523935, "avg_restacks_per_1k": 0.17962231005709267}, {"month": "2025-08", "post_count": 2, "avg_reactions": 8.5, "avg_comments": 0.0, "avg_restacks": 0.5, "avg_reactions_per_1k": 3.6956521739130435, "avg_comments_per_1k": 0.0, "avg_restacks_per_1k": 0.21739130434782608}, {"month": "2025-09", "post_count": 1, "avg_reactions": 2.0, "avg_comments": 0.0, "avg_restacks": 0.0, "avg_reactions_per_1k": 0.8695652173913043, "avg_comments_per_1k": 0.0, "avg_restacks_per_1k": 0.0}]}