{"topic": "AI Product Discovery", "generated_at": "2025-09-14T12:36:23+00:00", "series": [{"month": "2025-06", "post_count": 1, "avg_reactions": 37.0, "avg_comments": 10.0, "avg_restacks": 2.0, "avg_reactions_per_1k": 0.20329670329670332, "avg_comments_per_1k": 0.05494505494505495, "avg_restacks_per_1k": 0.01098901098901099}, {"month": "2025-07", "post_count": 1, "avg_reactions": 36.0, "avg_comments": 0.0, "avg_restacks": 1.0, "avg_reactions_per_1k": 0.19780219780219782, "avg_comments_per_1k": 0.0, "avg_restacks_per_1k": 0.005494505494505495}, {"month": "2025-08", "post_count": 1, "avg_reactions": 28.0, "avg_comments": 2.0, "avg_restacks": 1.0, "avg_reactions_per_1k": 0.15384615384615385, "avg_comments_per_1k": 0.01098901098901099, "avg_restacks_per_1k": 0.005494505494505495}]}