{"topic": "AI Productivity", "generated_at": "2025-09-14T12:36:23+00:00", "series": [{"month": "2025-06", "post_count": 6, "avg_reactions": 15.833333333333334, "avg_comments": 8.0, "avg_restacks": 2.5, "avg_reactions_per_1k": 1.6843971631205674, "avg_comments_per_1k": 0.851063829787234, "avg_restacks_per_1k": 0.26595744680851063}, {"month": "2025-07", "post_count": 2, "avg_reactions": 42.5, "avg_comments": 12.5, "avg_restacks": 4.0, "avg_reactions_per_1k": 4.521276595744681, "avg_comments_per_1k": 1.3297872340425532, "avg_restacks_per_1k": 0.425531914893617}, {"month": "2025-08", "post_count": 4, "avg_reactions": 17.5, "avg_comments": 7.5, "avg_restacks": 3.25, "avg_reactions_per_1k": 1.8617021276595747, "avg_comments_per_1k": 0.7978723404255319, "avg_restacks_per_1k": 0.34574468085106386}, {"month": "2025-09", "post_count": 1, "avg_reactions": 4.0, "avg_comments": 0.0, "avg_restacks": 3.0, "avg_reactions_per_1k": 0.425531914893617, "avg_comments_per_1k": 0.0, "avg_restacks_per_1k": 0.3191489361702128}]}