{"topic": "AI Reports", "generated_at": "2025-09-14T12:36:23+00:00", "series": [{"month": "2025-07", "post_count": 2, "avg_reactions": 96.5, "avg_comments": 2.0, "avg_restacks": 20.0, "avg_reactions_per_1k": 0.4447004608294931, "avg_comments_per_1k": 0.009216589861751152, "avg_restacks_per_1k": 0.09216589861751151}, {"month": "2025-08", "post_count": 1, "avg_reactions": 11.0, "avg_comments": 2.0, "avg_restacks": 0.0, "avg_reactions_per_1k": 1.2359550561797752, "avg_comments_per_1k": 0.2247191011235955, "avg_restacks_per_1k": 0.0}]}