{"topic": "AI Systems", "generated_at": "2025-09-14T12:36:23+00:00", "series": [{"month": "2025-06", "post_count": 3, "avg_reactions": 17.0, "avg_comments": 15.333333333333334, "avg_restacks": 2.3333333333333335, "avg_reactions_per_1k": 2.0049099836333877, "avg_comments_per_1k": 1.7766866703036914, "avg_restacks_per_1k": 0.28459719949081647}]}