{"topic": "AI Strategy", "generated_at": "2025-09-14T12:36:23+00:00", "series": [{"month": "2025-08", "post_count": 1, "avg_reactions": 5.0, "avg_comments": 0.0, "avg_restacks": 2.0, "avg_reactions_per_1k": 0.5319148936170213, "avg_comments_per_1k": 0.0, "avg_restacks_per_1k": 0.2127659574468085}, {"month": "2025-09", "post_count": 1, "avg_reactions": 4.0, "avg_comments": 0.0, "avg_restacks": 3.0, "avg_reactions_per_1k": 0.425531914893617, "avg_comments_per_1k": 0.0, "avg_restacks_per_1k": 0.3191489361702128}]}