{"topic": "AI Tutorials", "generated_at": "2025-09-14T12:36:23+00:00", "series": [{"month": "2025-07", "post_count": 4, "avg_reactions": 38.25, "avg_comments": 1.25, "avg_restacks": 1.0, "avg_reactions_per_1k": 0.43465909090909094, "avg_comments_per_1k": 0.014204545454545454, "avg_restacks_per_1k": 0.011363636363636364}, {"month": "2025-08", "post_count": 2, "avg_reactions": 51.0, "avg_comments": 0.0, "avg_restacks": 3.5, "avg_reactions_per_1k": 0.5795454545454546, "avg_comments_per_1k": 0.0, "avg_restacks_per_1k": 0.03977272727272728}]}