{"topic": "Albania", "generated_at": "2025-09-14T12:36:23+00:00", "series": [{"month": "2025-04", "post_count": 1, "avg_reactions": 12.0, "avg_comments": 4.0, "avg_restacks": 0.0, "avg_reactions_per_1k": 3.1578947368421053, "avg_comments_per_1k": 1.0526315789473684, "avg_restacks_per_1k": 0.0}]}