{"topic": "Alcohol", "generated_at": "2025-09-14T12:36:23+00:00", "series": [{"month": "2025-05", "post_count": 1, "avg_reactions": 1.0, "avg_comments": 0.0, "avg_restacks": 0.0, "avg_reactions_per_1k": 0.2, "avg_comments_per_1k": 0.0, "avg_restacks_per_1k": 0.0}, {"month": "2025-07", "post_count": 3, "avg_reactions": 45.333333333333336, "avg_comments": 4.333333333333333, "avg_restacks": 6.0, "avg_reactions_per_1k": 7.594202898550725, "avg_comments_per_1k": 0.09420289855072464, "avg_restacks_per_1k": 0.11594202898550725}, {"month": "2025-08", "post_count": 3, "avg_reactions": 458.3333333333333, "avg_comments": 56.0, "avg_restacks": 108.0, "avg_reactions_per_1k": 16.944444444444446, "avg_comments_per_1k": 4.222222222222222, "avg_restacks_per_1k": 3.733333333333333}]}