{"topic": "alternative asset managers", "generated_at": "2025-09-14T12:36:23+00:00", "series": [{"month": "2025-04", "post_count": 3, "avg_reactions": 9.333333333333334, "avg_comments": 5.666666666666667, "avg_restacks": 2.6666666666666665, "avg_reactions_per_1k": 19.125683060109285, "avg_comments_per_1k": 11.612021857923496, "avg_restacks_per_1k": 5.46448087431694}, {"month": "2025-06", "post_count": 5, "avg_reactions": 15.4, "avg_comments": 3.4, "avg_restacks": 3.0, "avg_reactions_per_1k": 31.557377049180324, "avg_comments_per_1k": 6.967213114754098, "avg_restacks_per_1k": 6.147540983606557}, {"month": "2025-07", "post_count": 2, "avg_reactions": 13.0, "avg_comments": 7.5, "avg_restacks": 1.5, "avg_reactions_per_1k": 26.63934426229508, "avg_comments_per_1k": 15.368852459016392, "avg_restacks_per_1k": 3.0737704918032787}]}