{"topic": "Alternative Investments", "generated_at": "2025-09-14T12:36:23+00:00", "series": [{"month": "2025-03", "post_count": 1, "avg_reactions": 10.0, "avg_comments": 0.0, "avg_restacks": 0.0, "avg_reactions_per_1k": 2.127659574468085, "avg_comments_per_1k": 0.0, "avg_restacks_per_1k": 0.0}, {"month": "2025-07", "post_count": 1, "avg_reactions": 12.0, "avg_comments": 5.0, "avg_restacks": 3.0, "avg_reactions_per_1k": 18.838304552590266, "avg_comments_per_1k": 7.849293563579279, "avg_restacks_per_1k": 4.7095761381475665}, {"month": "2025-08", "post_count": 1, "avg_reactions": 2.0, "avg_comments": 0.0, "avg_restacks": 0.0, "avg_reactions_per_1k": 0.5128205128205128, "avg_comments_per_1k": 0.0, "avg_restacks_per_1k": 0.0}, {"month": "2025-09", "post_count": 2, "avg_reactions": 29.0, "avg_comments": 19.0, "avg_restacks": 1.0, "avg_reactions_per_1k": 2.071428571428571, "avg_comments_per_1k": 1.357142857142857, "avg_restacks_per_1k": 0.07142857142857142}]}