{"topic": "American West", "generated_at": "2025-09-14T12:36:23+00:00", "series": [{"month": "2025-01", "post_count": 1, "avg_reactions": 99.0, "avg_comments": 14.0, "avg_restacks": 7.0, "avg_reactions_per_1k": 7.615384615384616, "avg_comments_per_1k": 1.076923076923077, "avg_restacks_per_1k": 0.5384615384615385}, {"month": "2025-02", "post_count": 1, "avg_reactions": 77.0, "avg_comments": 21.0, "avg_restacks": 7.0, "avg_reactions_per_1k": 5.923076923076923, "avg_comments_per_1k": 1.6153846153846154, "avg_restacks_per_1k": 0.5384615384615385}, {"month": "2025-07", "post_count": 1, "avg_reactions": 140.0, "avg_comments": 21.0, "avg_restacks": 13.0, "avg_reactions_per_1k": 10.76923076923077, "avg_comments_per_1k": 1.6153846153846154, "avg_restacks_per_1k": 1.0}, {"month": "2025-09", "post_count": 1, "avg_reactions": 49.0, "avg_comments": 20.0, "avg_restacks": 5.0, "avg_reactions_per_1k": 0.7101449275362319, "avg_comments_per_1k": 0.2898550724637681, "avg_restacks_per_1k": 0.07246376811594203}]}