{"topic": "Analysis", "generated_at": "2025-09-14T12:36:23+00:00", "series": [{"month": "2025-07", "post_count": 2, "avg_reactions": 9.0, "avg_comments": 19.0, "avg_restacks": 0.5, "avg_reactions_per_1k": 3.4615384615384617, "avg_comments_per_1k": 7.307692307692308, "avg_restacks_per_1k": 0.19230769230769232}, {"month": "2025-08", "post_count": 7, "avg_reactions": 8.285714285714286, "avg_comments": 9.142857142857142, "avg_restacks": 0.0, "avg_reactions_per_1k": 6.351648351648351, "avg_comments_per_1k": 3.956043956043956, "avg_restacks_per_1k": 0.0}, {"month": "2025-09", "post_count": 4, "avg_reactions": 8.0, "avg_comments": 17.25, "avg_restacks": 0.0, "avg_reactions_per_1k": 6.0, "avg_comments_per_1k": 6.9423076923076925, "avg_restacks_per_1k": 0.0}]}