{"topic": "Ancestors", "generated_at": "2025-09-14T12:36:23+00:00", "series": [{"month": "2025-06", "post_count": 1, "avg_reactions": 42.0, "avg_comments": 19.0, "avg_restacks": 4.0, "avg_reactions_per_1k": 2.2105263157894735, "avg_comments_per_1k": 1.0, "avg_restacks_per_1k": 0.21052631578947367}, {"month": "2025-07", "post_count": 2, "avg_reactions": 20.5, "avg_comments": 11.0, "avg_restacks": 0.5, "avg_reactions_per_1k": 1.0789473684210527, "avg_comments_per_1k": 0.5789473684210527, "avg_restacks_per_1k": 0.02631578947368421}, {"month": "2025-08", "post_count": 1, "avg_reactions": 2633.0, "avg_comments": 685.0, "avg_restacks": 177.0, "avg_reactions_per_1k": 18.54225352112676, "avg_comments_per_1k": 4.823943661971831, "avg_restacks_per_1k": 1.2464788732394367}]}