{"topic": "Animation", "generated_at": "2025-09-14T12:36:23+00:00", "series": [{"month": "2024-05", "post_count": 1, "avg_reactions": 23.0, "avg_comments": 10.0, "avg_restacks": 0.0, "avg_reactions_per_1k": 2.9487179487179485, "avg_comments_per_1k": 1.282051282051282, "avg_restacks_per_1k": 0.0}, {"month": "2024-12", "post_count": 1, "avg_reactions": 90.0, "avg_comments": 45.0, "avg_restacks": 13.0, "avg_reactions_per_1k": 11.538461538461537, "avg_comments_per_1k": 5.769230769230768, "avg_restacks_per_1k": 1.6666666666666665}, {"month": "2025-08", "post_count": 1, "avg_reactions": 6.0, "avg_comments": 2.0, "avg_restacks": 1.0, "avg_reactions_per_1k": 1.1320754716981134, "avg_comments_per_1k": 0.37735849056603776, "avg_restacks_per_1k": 0.18867924528301888}]}