{"topic": "annuity", "generated_at": "2025-09-14T12:36:23+00:00", "series": [{"month": "2025-05", "post_count": 1, "avg_reactions": 8.0, "avg_comments": 11.0, "avg_restacks": 3.0, "avg_reactions_per_1k": 16.39344262295082, "avg_comments_per_1k": 22.540983606557376, "avg_restacks_per_1k": 6.147540983606557}, {"month": "2025-06", "post_count": 1, "avg_reactions": 15.0, "avg_comments": 13.0, "avg_restacks": 3.0, "avg_reactions_per_1k": 30.737704918032783, "avg_comments_per_1k": 26.63934426229508, "avg_restacks_per_1k": 6.147540983606557}, {"month": "2025-07", "post_count": 1, "avg_reactions": 16.0, "avg_comments": 2.0, "avg_restacks": 2.0, "avg_reactions_per_1k": 32.78688524590164, "avg_comments_per_1k": 4.098360655737705, "avg_restacks_per_1k": 4.098360655737705}]}