{"topic": "Antitrust", "generated_at": "2025-09-14T12:36:23+00:00", "series": [{"month": "2025-06", "post_count": 1, "avg_reactions": 236.0, "avg_comments": 29.0, "avg_restacks": 46.0, "avg_reactions_per_1k": 1.4478527607361964, "avg_comments_per_1k": 0.17791411042944785, "avg_restacks_per_1k": 0.2822085889570552}]}