{"topic": "Anxiety", "generated_at": "2025-09-14T12:36:23+00:00", "series": [{"month": "2025-03", "post_count": 2, "avg_reactions": 39.5, "avg_comments": 1.0, "avg_restacks": 4.5, "avg_reactions_per_1k": 0.7745098039215685, "avg_comments_per_1k": 0.0196078431372549, "avg_restacks_per_1k": 0.08823529411764705}]}