{"topic": "Apartheid", "generated_at": "2025-09-14T12:36:23+00:00", "series": [{"month": "2023-11", "post_count": 1, "avg_reactions": 330.0, "avg_comments": 34.0, "avg_restacks": 32.0, "avg_reactions_per_1k": 13.75, "avg_comments_per_1k": 1.4166666666666665, "avg_restacks_per_1k": 1.3333333333333333}, {"month": "2025-08", "post_count": 5, "avg_reactions": 481.8, "avg_comments": 68.0, "avg_restacks": 82.8, "avg_reactions_per_1k": 2.7675590802639984, "avg_comments_per_1k": 0.22397807110921866, "avg_restacks_per_1k": 0.43062060889929743}]}