{"topic": "Apollo Global", "generated_at": "2025-09-14T12:36:23+00:00", "series": [{"month": "2025-04", "post_count": 1, "avg_reactions": 9.0, "avg_comments": 9.0, "avg_restacks": 1.0, "avg_reactions_per_1k": 18.442622950819672, "avg_comments_per_1k": 18.442622950819672, "avg_restacks_per_1k": 2.0491803278688523}, {"month": "2025-05", "post_count": 3, "avg_reactions": 8.333333333333334, "avg_comments": 9.666666666666666, "avg_restacks": 2.3333333333333335, "avg_reactions_per_1k": 17.07650273224044, "avg_comments_per_1k": 19.808743169398905, "avg_restacks_per_1k": 4.781420765027322}, {"month": "2025-06", "post_count": 4, "avg_reactions": 15.25, "avg_comments": 4.25, "avg_restacks": 3.25, "avg_reactions_per_1k": 31.249999999999996, "avg_comments_per_1k": 8.709016393442623, "avg_restacks_per_1k": 6.659836065573771}, {"month": "2025-07", "post_count": 1, "avg_reactions": 16.0, "avg_comments": 2.0, "avg_restacks": 2.0, "avg_reactions_per_1k": 32.78688524590164, "avg_comments_per_1k": 4.098360655737705, "avg_restacks_per_1k": 4.098360655737705}]}