{"topic": "Appetizers", "generated_at": "2025-09-14T12:36:23+00:00", "series": [{"month": "2024-12", "post_count": 1, "avg_reactions": 17.0, "avg_comments": 0.0, "avg_restacks": 0.0, "avg_reactions_per_1k": 3.617021276595745, "avg_comments_per_1k": 0.0, "avg_restacks_per_1k": 0.0}, {"month": "2025-05", "post_count": 2, "avg_reactions": 82.0, "avg_comments": 12.0, "avg_restacks": 4.0, "avg_reactions_per_1k": 2.937099358974359, "avg_comments_per_1k": 0.5286458333333334, "avg_restacks_per_1k": 0.27183493589743596}, {"month": "2025-06", "post_count": 1, "avg_reactions": 7.0, "avg_comments": 9.0, "avg_restacks": 1.0, "avg_reactions_per_1k": 0.20588235294117646, "avg_comments_per_1k": 0.2647058823529412, "avg_restacks_per_1k": 0.029411764705882353}, {"month": "2025-07", "post_count": 2, "avg_reactions": 36.5, "avg_comments": 28.5, "avg_restacks": 2.5, "avg_reactions_per_1k": 3.041452677916361, "avg_comments_per_1k": 1.4284666177549523, "avg_restacks_per_1k": 0.264490095377843}]}