{"topic": "Apple Vision Pro", "generated_at": "2025-09-14T12:36:23+00:00", "series": [{"month": "2025-08", "post_count": 1, "avg_reactions": 18.0, "avg_comments": 8.0, "avg_restacks": 3.0, "avg_reactions_per_1k": 0.36734693877551017, "avg_comments_per_1k": 0.16326530612244897, "avg_restacks_per_1k": 0.061224489795918366}]}