{"topic": "Arts & Culture", "generated_at": "2025-09-14T12:36:23+00:00", "series": [{"month": "2025-09", "post_count": 5, "avg_reactions": 68.4, "avg_comments": 12.2, "avg_restacks": 5.0, "avg_reactions_per_1k": 0.08085106382978723, "avg_comments_per_1k": 0.014420803782505908, "avg_restacks_per_1k": 0.00591016548463357}]}