{"topic": "Aryna Sabalenka", "generated_at": "2025-09-14T12:36:23+00:00", "series": [{"month": "2025-08", "post_count": 3, "avg_reactions": 23.0, "avg_comments": 20.666666666666668, "avg_restacks": 2.6666666666666665, "avg_reactions_per_1k": 3.3333333333333335, "avg_comments_per_1k": 2.9951690821256043, "avg_restacks_per_1k": 0.3864734299516908}, {"month": "2025-09", "post_count": 2, "avg_reactions": 23.5, "avg_comments": 6.5, "avg_restacks": 0.5, "avg_reactions_per_1k": 3.4057971014492754, "avg_comments_per_1k": 0.9420289855072463, "avg_restacks_per_1k": 0.07246376811594203}]}