{"topic": "Astrology", "generated_at": "2025-09-14T12:36:23+00:00", "series": [{"month": "2025-06", "post_count": 5, "avg_reactions": 35.6, "avg_comments": 18.6, "avg_restacks": 3.4, "avg_reactions_per_1k": 1.8736842105263158, "avg_comments_per_1k": 0.9789473684210526, "avg_restacks_per_1k": 0.1789473684210526}, {"month": "2025-09", "post_count": 2, "avg_reactions": 15.0, "avg_comments": 13.0, "avg_restacks": 0.0, "avg_reactions_per_1k": 4.328966689852384, "avg_comments_per_1k": 8.471095138727877, "avg_restacks_per_1k": 0.0}]}