{"topic": "Athlete Development", "generated_at": "2025-09-14T12:36:23+00:00", "series": [{"month": "2025-07", "post_count": 3, "avg_reactions": 5.0, "avg_comments": 1.3333333333333333, "avg_restacks": 0.0, "avg_reactions_per_1k": 0.6756756756756758, "avg_comments_per_1k": 0.1801801801801802, "avg_restacks_per_1k": 0.0}, {"month": "2025-08", "post_count": 3, "avg_reactions": 6.333333333333333, "avg_comments": 0.6666666666666666, "avg_restacks": 0.3333333333333333, "avg_reactions_per_1k": 0.9057519057519059, "avg_comments_per_1k": 0.0900900900900901, "avg_restacks_per_1k": 0.04504504504504505}, {"month": "2025-09", "post_count": 1, "avg_reactions": 1.0, "avg_comments": 0.0, "avg_restacks": 0.0, "avg_reactions_per_1k": 0.13513513513513514, "avg_comments_per_1k": 0.0, "avg_restacks_per_1k": 0.0}]}