{"topic": "Audio Technology", "generated_at": "2025-09-14T12:36:23+00:00", "series": [{"month": "2025-07", "post_count": 5, "avg_reactions": 0.4, "avg_comments": 2.4, "avg_restacks": 0.0, "avg_reactions_per_1k": 0.44843049327354256, "avg_comments_per_1k": 2.6905829596412554, "avg_restacks_per_1k": 0.0}]}