{"topic": "Auditing", "generated_at": "2025-09-14T12:36:23+00:00", "series": [{"month": "2025-06", "post_count": 1, "avg_reactions": 22.0, "avg_comments": 4.0, "avg_restacks": 1.0, "avg_reactions_per_1k": 0.19642857142857142, "avg_comments_per_1k": 0.03571428571428571, "avg_restacks_per_1k": 0.008928571428571428}]}