{"topic": "Automation", "generated_at": "2025-09-14T12:36:23+00:00", "series": [{"month": "2025-03", "post_count": 1, "avg_reactions": 14.0, "avg_comments": 2.0, "avg_restacks": 1.0, "avg_reactions_per_1k": 2.333333333333333, "avg_comments_per_1k": 0.3333333333333333, "avg_restacks_per_1k": 0.16666666666666666}, {"month": "2025-07", "post_count": 4, "avg_reactions": 26.0, "avg_comments": 1.25, "avg_restacks": 4.25, "avg_reactions_per_1k": 0.9340131385429945, "avg_comments_per_1k": 0.08209138150799099, "avg_restacks_per_1k": 0.09591626630061771}, {"month": "2025-08", "post_count": 1, "avg_reactions": 10.0, "avg_comments": 0.0, "avg_restacks": 2.0, "avg_reactions_per_1k": 0.0, "avg_comments_per_1k": 0.0, "avg_restacks_per_1k": 0.0}]}