{"topic": "Baby Food", "generated_at": "2025-09-14T12:36:23+00:00", "series": [{"month": "2025-06", "post_count": 1, "avg_reactions": 223.0, "avg_comments": 59.0, "avg_restacks": 5.0, "avg_reactions_per_1k": 0.6317280453257791, "avg_comments_per_1k": 0.1671388101983003, "avg_restacks_per_1k": 0.014164305949008499}, {"month": "2025-08", "post_count": 1, "avg_reactions": 628.0, "avg_comments": 70.0, "avg_restacks": 17.0, "avg_reactions_per_1k": 1.7790368271954675, "avg_comments_per_1k": 0.19830028328611898, "avg_restacks_per_1k": 0.0481586402266289}]}