{"topic": "Bangladeshi Food", "generated_at": "2025-09-14T12:36:23+00:00", "series": [{"month": "2025-03", "post_count": 1, "avg_reactions": 10.0, "avg_comments": 0.0, "avg_restacks": 1.0, "avg_reactions_per_1k": 2.380952380952381, "avg_comments_per_1k": 0.0, "avg_restacks_per_1k": 0.23809523809523808}]}