{"topic": "Basho Updates", "generated_at": "2025-09-14T12:36:23+00:00", "series": [{"month": "2025-07", "post_count": 15, "avg_reactions": 13.066666666666666, "avg_comments": 19.533333333333335, "avg_restacks": 1.8666666666666667, "avg_reactions_per_1k": 1.4202898550724639, "avg_comments_per_1k": 2.123188405797101, "avg_restacks_per_1k": 0.2028985507246377}]}