{"topic": "Beans", "generated_at": "2025-09-14T12:36:23+00:00", "series": [{"month": "2025-02", "post_count": 1, "avg_reactions": 14.0, "avg_comments": 0.0, "avg_restacks": 2.0, "avg_reactions_per_1k": 0.8235294117647058, "avg_comments_per_1k": 0.0, "avg_restacks_per_1k": 0.11764705882352941}, {"month": "2025-07", "post_count": 1, "avg_reactions": 4.0, "avg_comments": 0.0, "avg_restacks": 0.0, "avg_reactions_per_1k": 0.23529411764705882, "avg_comments_per_1k": 0.0, "avg_restacks_per_1k": 0.0}, {"month": "2025-08", "post_count": 1, "avg_reactions": 22.0, "avg_comments": 3.0, "avg_restacks": 2.0, "avg_reactions_per_1k": 2.6506024096385543, "avg_comments_per_1k": 0.3614457831325301, "avg_restacks_per_1k": 0.24096385542168675}]}