{"topic": "Berkshire Hathaway", "generated_at": "2025-09-14T12:36:23+00:00", "series": [{"month": "2025-04", "post_count": 2, "avg_reactions": 8.5, "avg_comments": 4.0, "avg_restacks": 2.5, "avg_reactions_per_1k": 17.418032786885245, "avg_comments_per_1k": 8.19672131147541, "avg_restacks_per_1k": 5.1229508196721305}, {"month": "2025-05", "post_count": 1, "avg_reactions": 9.0, "avg_comments": 7.0, "avg_restacks": 2.0, "avg_reactions_per_1k": 18.442622950819672, "avg_comments_per_1k": 14.344262295081966, "avg_restacks_per_1k": 4.098360655737705}, {"month": "2025-08", "post_count": 1, "avg_reactions": 7.0, "avg_comments": 5.0, "avg_restacks": 1.0, "avg_reactions_per_1k": 14.344262295081966, "avg_comments_per_1k": 10.245901639344261, "avg_restacks_per_1k": 2.0491803278688523}]}