{"topic": "Berries", "generated_at": "2025-09-14T12:36:23+00:00", "series": [{"month": "2025-06", "post_count": 1, "avg_reactions": 48.0, "avg_comments": 56.0, "avg_restacks": 2.0, "avg_reactions_per_1k": 0.8421052631578947, "avg_comments_per_1k": 0.9824561403508771, "avg_restacks_per_1k": 0.03508771929824561}, {"month": "2025-07", "post_count": 1, "avg_reactions": 170.0, "avg_comments": 98.0, "avg_restacks": 7.0, "avg_reactions_per_1k": 0.32075471698113206, "avg_comments_per_1k": 0.1849056603773585, "avg_restacks_per_1k": 0.013207547169811321}, {"month": "2025-08", "post_count": 1, "avg_reactions": 36.0, "avg_comments": 4.0, "avg_restacks": 1.0, "avg_reactions_per_1k": 0.631578947368421, "avg_comments_per_1k": 0.07017543859649122, "avg_restacks_per_1k": 0.017543859649122806}]}