{"topic": "Bias in AI", "generated_at": "2025-09-14T12:36:23+00:00", "series": [{"month": "2025-06", "post_count": 1, "avg_reactions": 16.0, "avg_comments": 26.0, "avg_restacks": 2.0, "avg_reactions_per_1k": 1.702127659574468, "avg_comments_per_1k": 2.765957446808511, "avg_restacks_per_1k": 0.2127659574468085}]}