{"topic": "Big 12", "generated_at": "2025-09-14T12:36:23+00:00", "series": [{"month": "2025-08", "post_count": 1, "avg_reactions": 10.0, "avg_comments": 15.0, "avg_restacks": 0.0, "avg_reactions_per_1k": 3.8461538461538463, "avg_comments_per_1k": 5.769230769230769, "avg_restacks_per_1k": 0.0}, {"month": "2025-09", "post_count": 1, "avg_reactions": 14.0, "avg_comments": 3.0, "avg_restacks": 0.0, "avg_reactions_per_1k": 5.384615384615385, "avg_comments_per_1k": 1.153846153846154, "avg_restacks_per_1k": 0.0}]}