{"topic": "Blackstone", "generated_at": "2025-09-14T12:36:23+00:00", "series": [{"month": "2025-04", "post_count": 1, "avg_reactions": 10.0, "avg_comments": 0.0, "avg_restacks": 2.0, "avg_reactions_per_1k": 20.491803278688522, "avg_comments_per_1k": 0.0, "avg_restacks_per_1k": 4.098360655737705}, {"month": "2025-07", "post_count": 1, "avg_reactions": 10.0, "avg_comments": 13.0, "avg_restacks": 1.0, "avg_reactions_per_1k": 20.491803278688522, "avg_comments_per_1k": 26.63934426229508, "avg_restacks_per_1k": 2.0491803278688523}]}