{"topic": "Black Film", "generated_at": "2025-09-14T12:36:23+00:00", "series": [{"month": "2024-11", "post_count": 1, "avg_reactions": 60.0, "avg_comments": 6.0, "avg_restacks": 16.0, "avg_reactions_per_1k": 7.692307692307692, "avg_comments_per_1k": 0.7692307692307692, "avg_restacks_per_1k": 2.051282051282051}]}