{"topic": "Black History Month", "generated_at": "2025-09-14T12:36:23+00:00", "series": [{"month": "2024-04", "post_count": 1, "avg_reactions": 58.0, "avg_comments": 19.0, "avg_restacks": 7.0, "avg_reactions_per_1k": 7.435897435897435, "avg_comments_per_1k": 2.4358974358974357, "avg_restacks_per_1k": 0.8974358974358974}, {"month": "2025-02", "post_count": 2, "avg_reactions": 45.0, "avg_comments": 8.0, "avg_restacks": 10.5, "avg_reactions_per_1k": 4.647435897435897, "avg_comments_per_1k": 0.891025641025641, "avg_restacks_per_1k": 1.0544871794871793}, {"month": "2025-06", "post_count": 1, "avg_reactions": 36.0, "avg_comments": 2.0, "avg_restacks": 8.0, "avg_reactions_per_1k": 3.0, "avg_comments_per_1k": 0.16666666666666666, "avg_restacks_per_1k": 0.6666666666666666}, {"month": "2025-08", "post_count": 1, "avg_reactions": 8.0, "avg_comments": 20.0, "avg_restacks": 5.0, "avg_reactions_per_1k": 0.0, "avg_comments_per_1k": 0.0, "avg_restacks_per_1k": 0.0}]}