{"topic": "Black Cinema", "generated_at": "2025-09-14T12:36:23+00:00", "series": [{"month": "2025-02", "post_count": 1, "avg_reactions": 40.0, "avg_comments": 10.0, "avg_restacks": 8.0, "avg_reactions_per_1k": 5.128205128205128, "avg_comments_per_1k": 1.282051282051282, "avg_restacks_per_1k": 1.0256410256410255}, {"month": "2025-04", "post_count": 1, "avg_reactions": 68.0, "avg_comments": 9.0, "avg_restacks": 4.0, "avg_reactions_per_1k": 8.717948717948717, "avg_comments_per_1k": 1.1538461538461537, "avg_restacks_per_1k": 0.5128205128205128}, {"month": "2025-05", "post_count": 1, "avg_reactions": 48.0, "avg_comments": 8.0, "avg_restacks": 7.0, "avg_reactions_per_1k": 6.153846153846153, "avg_comments_per_1k": 1.0256410256410255, "avg_restacks_per_1k": 0.8974358974358974}, {"month": "2025-06", "post_count": 1, "avg_reactions": 1.0, "avg_comments": 0.0, "avg_restacks": 1.0, "avg_reactions_per_1k": 0.0, "avg_comments_per_1k": 0.0, "avg_restacks_per_1k": 0.0}]}