{"topic": "Blue Owl", "generated_at": "2025-09-14T12:36:23+00:00", "series": [{"month": "2025-06", "post_count": 1, "avg_reactions": 16.0, "avg_comments": 0.0, "avg_restacks": 2.0, "avg_reactions_per_1k": 32.78688524590164, "avg_comments_per_1k": 0.0, "avg_restacks_per_1k": 4.098360655737705}, {"month": "2025-08", "post_count": 2, "avg_reactions": 15.0, "avg_comments": 5.5, "avg_restacks": 1.0, "avg_reactions_per_1k": 30.737704918032783, "avg_comments_per_1k": 11.270491803278688, "avg_restacks_per_1k": 2.0491803278688523}]}