{"topic": "Boat Building", "generated_at": "2025-09-14T12:36:23+00:00", "series": [{"month": "2025-08", "post_count": 1, "avg_reactions": 34.0, "avg_comments": 29.0, "avg_restacks": 0.0, "avg_reactions_per_1k": 2.6153846153846154, "avg_comments_per_1k": 2.230769230769231, "avg_restacks_per_1k": 0.0}]}