{"topic": "Boating", "generated_at": "2025-09-14T12:36:23+00:00", "series": [{"month": "2025-07", "post_count": 2, "avg_reactions": 10.5, "avg_comments": 47.0, "avg_restacks": 0.0, "avg_reactions_per_1k": 0.8076923076923077, "avg_comments_per_1k": 3.6153846153846154, "avg_restacks_per_1k": 0.0}, {"month": "2025-08", "post_count": 10, "avg_reactions": 17.5, "avg_comments": 24.6, "avg_restacks": 0.1, "avg_reactions_per_1k": 1.3461538461538463, "avg_comments_per_1k": 1.8923076923076922, "avg_restacks_per_1k": 0.007692307692307693}]}