{"topic": "Bob Dylan", "generated_at": "2025-09-14T12:36:23+00:00", "series": [{"month": "2023-09", "post_count": 1, "avg_reactions": 46.0, "avg_comments": 30.0, "avg_restacks": 11.0, "avg_reactions_per_1k": 24.210526315789473, "avg_comments_per_1k": 15.789473684210526, "avg_restacks_per_1k": 5.789473684210526}]}