{"topic": "Body Image", "generated_at": "2025-09-14T12:36:23+00:00", "series": [{"month": "2025-01", "post_count": 1, "avg_reactions": 77.0, "avg_comments": 18.0, "avg_restacks": 4.0, "avg_reactions_per_1k": 3.5, "avg_comments_per_1k": 0.8181818181818182, "avg_restacks_per_1k": 0.18181818181818182}, {"month": "2025-08", "post_count": 3, "avg_reactions": 36.666666666666664, "avg_comments": 34.333333333333336, "avg_restacks": 1.3333333333333333, "avg_reactions_per_1k": 3.471902246547445, "avg_comments_per_1k": 1.807017543859649, "avg_restacks_per_1k": 0.45569485988247527}]}