{"topic": "Bond Yields", "generated_at": "2025-09-14T12:36:23+00:00", "series": [{"month": "2025-04", "post_count": 1, "avg_reactions": 21.0, "avg_comments": 0.0, "avg_restacks": 3.0, "avg_reactions_per_1k": 2.3076923076923075, "avg_comments_per_1k": 0.0, "avg_restacks_per_1k": 0.32967032967032966}, {"month": "2025-07", "post_count": 1, "avg_reactions": 14.0, "avg_comments": 0.0, "avg_restacks": 2.0, "avg_reactions_per_1k": 1.5384615384615383, "avg_comments_per_1k": 0.0, "avg_restacks_per_1k": 0.21978021978021978}, {"month": "2025-08", "post_count": 1, "avg_reactions": 37.0, "avg_comments": 41.0, "avg_restacks": 3.0, "avg_reactions_per_1k": 3.894736842105263, "avg_comments_per_1k": 4.315789473684211, "avg_restacks_per_1k": 0.3157894736842105}]}