{"topic": "box office", "generated_at": "2025-09-14T12:36:23+00:00", "series": [{"month": "2025-08", "post_count": 14, "avg_reactions": 9.428571428571429, "avg_comments": 3.357142857142857, "avg_restacks": 1.0714285714285714, "avg_reactions_per_1k": 1.7789757412398923, "avg_comments_per_1k": 0.633423180592992, "avg_restacks_per_1k": 0.20215633423180596}, {"month": "2025-09", "post_count": 7, "avg_reactions": 5.857142857142857, "avg_comments": 2.857142857142857, "avg_restacks": 1.0, "avg_reactions_per_1k": 1.1051212938005393, "avg_comments_per_1k": 0.5390835579514824, "avg_restacks_per_1k": 0.18867924528301888}]}