{"topic": "Boxing", "generated_at": "2025-09-14T12:36:23+00:00", "series": [{"month": "2025-06", "post_count": 1, "avg_reactions": 8.0, "avg_comments": 0.0, "avg_restacks": 1.0, "avg_reactions_per_1k": 0.5714285714285714, "avg_comments_per_1k": 0.0, "avg_restacks_per_1k": 0.07142857142857142}, {"month": "2025-07", "post_count": 4, "avg_reactions": 9.0, "avg_comments": 4.0, "avg_restacks": 0.75, "avg_reactions_per_1k": 0.6428571428571428, "avg_comments_per_1k": 0.2857142857142857, "avg_restacks_per_1k": 0.05357142857142857}, {"month": "2025-08", "post_count": 2, "avg_reactions": 6.5, "avg_comments": 0.0, "avg_restacks": 0.0, "avg_reactions_per_1k": 0.4642857142857143, "avg_comments_per_1k": 0.0, "avg_restacks_per_1k": 0.0}, {"month": "2025-09", "post_count": 3, "avg_reactions": 6.666666666666667, "avg_comments": 0.6666666666666666, "avg_restacks": 0.6666666666666666, "avg_reactions_per_1k": 0.4761904761904761, "avg_comments_per_1k": 0.047619047619047616, "avg_restacks_per_1k": 0.047619047619047616}]}