{"topic": "Brand Strategy", "generated_at": "2025-09-14T12:36:23+00:00", "series": [{"month": "2025-05", "post_count": 7, "avg_reactions": 7.142857142857143, "avg_comments": 5.285714285714286, "avg_restacks": 0.7142857142857143, "avg_reactions_per_1k": 8.862105636299185, "avg_comments_per_1k": 6.557958170861396, "avg_restacks_per_1k": 0.8862105636299183}, {"month": "2025-06", "post_count": 8, "avg_reactions": 8.875, "avg_comments": 7.375, "avg_restacks": 0.375, "avg_reactions_per_1k": 11.011166253101736, "avg_comments_per_1k": 9.150124069478908, "avg_restacks_per_1k": 0.4652605459057072}, {"month": "2025-07", "post_count": 9, "avg_reactions": 10.0, "avg_comments": 6.444444444444445, "avg_restacks": 1.1111111111111112, "avg_reactions_per_1k": 12.40694789081886, "avg_comments_per_1k": 7.995588640749931, "avg_restacks_per_1k": 1.37854976564654}, {"month": "2025-08", "post_count": 3, "avg_reactions": 10.333333333333334, "avg_comments": 5.666666666666667, "avg_restacks": 1.0, "avg_reactions_per_1k": 12.82051282051282, "avg_comments_per_1k": 7.0306038047973525, "avg_restacks_per_1k": 1.2406947890818858}]}