{"topic": "Breads", "generated_at": "2025-09-14T12:36:23+00:00", "series": [{"month": "2025-04", "post_count": 3, "avg_reactions": 40.333333333333336, "avg_comments": 15.333333333333334, "avg_restacks": 0.6666666666666666, "avg_reactions_per_1k": 1.8333333333333333, "avg_comments_per_1k": 0.6969696969696969, "avg_restacks_per_1k": 0.030303030303030304}, {"month": "2025-08", "post_count": 2, "avg_reactions": 34.0, "avg_comments": 5.0, "avg_restacks": 0.0, "avg_reactions_per_1k": 1.5454545454545454, "avg_comments_per_1k": 0.2272727272727273, "avg_restacks_per_1k": 0.0}]}