{"topic": "Breaking Into Product Management", "generated_at": "2025-09-14T12:36:23+00:00", "series": [{"month": "2025-03", "post_count": 1, "avg_reactions": 39.0, "avg_comments": 13.0, "avg_restacks": 0.0, "avg_reactions_per_1k": 0.3223140495867769, "avg_comments_per_1k": 0.10743801652892562, "avg_restacks_per_1k": 0.0}, {"month": "2025-04", "post_count": 2, "avg_reactions": 67.5, "avg_comments": 9.0, "avg_restacks": 7.0, "avg_reactions_per_1k": 0.5578512396694215, "avg_comments_per_1k": 0.0743801652892562, "avg_restacks_per_1k": 0.05785123966942149}]}