{"topic": "british flowers", "generated_at": "2025-09-14T12:36:23+00:00", "series": [{"month": "2025-08", "post_count": 4, "avg_reactions": 19.25, "avg_comments": 7.5, "avg_restacks": 1.0, "avg_reactions_per_1k": 1.013157894736842, "avg_comments_per_1k": 0.39473684210526316, "avg_restacks_per_1k": 0.05263157894736842}]}