{"topic": "Brooklyn", "generated_at": "2025-09-14T12:36:23+00:00", "series": [{"month": "2025-02", "post_count": 2, "avg_reactions": 14.5, "avg_comments": 1.5, "avg_restacks": 1.0, "avg_reactions_per_1k": 3.4523809523809526, "avg_comments_per_1k": 0.3571428571428571, "avg_restacks_per_1k": 0.23809523809523808}, {"month": "2025-03", "post_count": 1, "avg_reactions": 6.0, "avg_comments": 2.0, "avg_restacks": 1.0, "avg_reactions_per_1k": 1.4285714285714284, "avg_comments_per_1k": 0.47619047619047616, "avg_restacks_per_1k": 0.23809523809523808}, {"month": "2025-04", "post_count": 1, "avg_reactions": 10.0, "avg_comments": 2.0, "avg_restacks": 1.0, "avg_reactions_per_1k": 2.380952380952381, "avg_comments_per_1k": 0.47619047619047616, "avg_restacks_per_1k": 0.23809523809523808}]}