{"topic": "Burger", "generated_at": "2025-09-14T12:36:23+00:00", "series": [{"month": "2025-07", "post_count": 1, "avg_reactions": 71.0, "avg_comments": 20.0, "avg_restacks": 5.0, "avg_reactions_per_1k": 8.987341772151899, "avg_comments_per_1k": 2.5316455696202533, "avg_restacks_per_1k": 0.6329113924050633}]}