{"topic": "Cake", "generated_at": "2025-09-14T12:36:23+00:00", "series": [{"month": "2025-04", "post_count": 1, "avg_reactions": 82.0, "avg_comments": 6.0, "avg_restacks": 10.0, "avg_reactions_per_1k": 3.7272727272727275, "avg_comments_per_1k": 0.2727272727272727, "avg_restacks_per_1k": 0.4545454545454546}, {"month": "2025-05", "post_count": 1, "avg_reactions": 72.0, "avg_comments": 4.0, "avg_restacks": 0.0, "avg_reactions_per_1k": 3.272727272727273, "avg_comments_per_1k": 0.18181818181818182, "avg_restacks_per_1k": 0.0}, {"month": "2025-06", "post_count": 2, "avg_reactions": 41.5, "avg_comments": 2.0, "avg_restacks": 2.0, "avg_reactions_per_1k": 2.2797202797202796, "avg_comments_per_1k": 0.09090909090909091, "avg_restacks_per_1k": 0.13811188811188813}, {"month": "2025-07", "post_count": 4, "avg_reactions": 42.0, "avg_comments": 9.5, "avg_restacks": 1.25, "avg_reactions_per_1k": 2.4318181818181817, "avg_comments_per_1k": 0.4318181818181818, "avg_restacks_per_1k": 0.10227272727272728}]}