{"topic": "Cancer", "generated_at": "2025-09-14T12:36:23+00:00", "series": [{"month": "2025-08", "post_count": 2, "avg_reactions": 150.5, "avg_comments": 78.5, "avg_restacks": 15.5, "avg_reactions_per_1k": 2.2803030303030303, "avg_comments_per_1k": 1.1893939393939394, "avg_restacks_per_1k": 0.23484848484848483}]}