{"topic": "Cantonese Cuisine", "generated_at": "2025-09-14T12:36:23+00:00", "series": [{"month": "2025-05", "post_count": 1, "avg_reactions": 22.0, "avg_comments": 4.0, "avg_restacks": 2.0, "avg_reactions_per_1k": 5.238095238095238, "avg_comments_per_1k": 0.9523809523809523, "avg_restacks_per_1k": 0.47619047619047616}]}