{"topic": "Career Growth", "generated_at": "2025-09-14T12:36:23+00:00", "series": [{"month": "2025-05", "post_count": 1, "avg_reactions": 144.0, "avg_comments": 44.0, "avg_restacks": 11.0, "avg_reactions_per_1k": 3.1304347826086953, "avg_comments_per_1k": 0.9565217391304348, "avg_restacks_per_1k": 0.2391304347826087}, {"month": "2025-06", "post_count": 1, "avg_reactions": 55.0, "avg_comments": 0.0, "avg_restacks": 2.0, "avg_reactions_per_1k": 1.1956521739130435, "avg_comments_per_1k": 0.0, "avg_restacks_per_1k": 0.043478260869565216}, {"month": "2025-07", "post_count": 1, "avg_reactions": 82.0, "avg_comments": 3.0, "avg_restacks": 1.0, "avg_reactions_per_1k": 1.7826086956521738, "avg_comments_per_1k": 0.06521739130434782, "avg_restacks_per_1k": 0.021739130434782608}, {"month": "2025-08", "post_count": 1, "avg_reactions": 53.0, "avg_comments": 2.0, "avg_restacks": 2.0, "avg_reactions_per_1k": 1.1521739130434783, "avg_comments_per_1k": 0.043478260869565216, "avg_restacks_per_1k": 0.043478260869565216}]}