{"topic": "careers", "generated_at": "2025-09-14T12:36:23+00:00", "series": [{"month": "2025-06", "post_count": 2, "avg_reactions": 2.5, "avg_comments": 3.0, "avg_restacks": 0.5, "avg_reactions_per_1k": 1.1363636363636362, "avg_comments_per_1k": 1.3636363636363635, "avg_restacks_per_1k": 0.22727272727272727}, {"month": "2025-07", "post_count": 11, "avg_reactions": 2.3636363636363638, "avg_comments": 0.18181818181818182, "avg_restacks": 1.1818181818181819, "avg_reactions_per_1k": 1.0743801652892562, "avg_comments_per_1k": 0.08264462809917356, "avg_restacks_per_1k": 0.5371900826446281}, {"month": "2025-08", "post_count": 7, "avg_reactions": 1.1428571428571428, "avg_comments": 0.42857142857142855, "avg_restacks": 0.7142857142857143, "avg_reactions_per_1k": 0.5194805194805194, "avg_comments_per_1k": 0.1948051948051948, "avg_restacks_per_1k": 0.3246753246753246}]}