{"topic": "Caribbean", "generated_at": "2025-09-14T12:36:23+00:00", "series": [{"month": "2025-08", "post_count": 2, "avg_reactions": 22.0, "avg_comments": 5.5, "avg_restacks": 5.0, "avg_reactions_per_1k": 4.3130434782608695, "avg_comments_per_1k": 1.0782608695652174, "avg_restacks_per_1k": 0.9108695652173913}]}