{"topic": "CBDC", "generated_at": "2025-09-14T12:36:23+00:00", "series": [{"month": "2025-03", "post_count": 1, "avg_reactions": 90.0, "avg_comments": 31.0, "avg_restacks": 16.0, "avg_reactions_per_1k": 6.428571428571428, "avg_comments_per_1k": 2.214285714285714, "avg_restacks_per_1k": 1.1428571428571428}]}