{"topic": "Celestica", "generated_at": "2025-09-14T12:36:23+00:00", "series": [{"month": "2025-03", "post_count": 2, "avg_reactions": 49.5, "avg_comments": 8.5, "avg_restacks": 13.5, "avg_reactions_per_1k": 6.780821917808218, "avg_comments_per_1k": 1.1643835616438356, "avg_restacks_per_1k": 1.8493150684931505}]}