{"topic": "Celebration", "generated_at": "2025-09-14T12:36:23+00:00", "series": [{"month": "2025-03", "post_count": 1, "avg_reactions": 18.0, "avg_comments": 6.0, "avg_restacks": 3.0, "avg_reactions_per_1k": 1.3846153846153846, "avg_comments_per_1k": 0.46153846153846156, "avg_restacks_per_1k": 0.23076923076923078}]}