{"topic": "Celestial and Seasonal Events", "generated_at": "2025-09-14T12:36:23+00:00", "series": [{"month": "2025-06", "post_count": 3, "avg_reactions": 42.333333333333336, "avg_comments": 21.0, "avg_restacks": 3.6666666666666665, "avg_reactions_per_1k": 2.2280701754385963, "avg_comments_per_1k": 1.105263157894737, "avg_restacks_per_1k": 0.1929824561403509}]}