{"topic": "Champions League", "generated_at": "2025-09-14T12:36:23+00:00", "series": [{"month": "2025-02", "post_count": 1, "avg_reactions": 66.0, "avg_comments": 2.0, "avg_restacks": 0.0, "avg_reactions_per_1k": 3.4736842105263155, "avg_comments_per_1k": 0.10526315789473684, "avg_restacks_per_1k": 0.0}, {"month": "2025-07", "post_count": 1, "avg_reactions": 26.0, "avg_comments": 7.0, "avg_restacks": 0.0, "avg_reactions_per_1k": 1.3684210526315788, "avg_comments_per_1k": 0.3684210526315789, "avg_restacks_per_1k": 0.0}, {"month": "2025-08", "post_count": 3, "avg_reactions": 19.666666666666668, "avg_comments": 8.333333333333334, "avg_restacks": 2.0, "avg_reactions_per_1k": 1.9173976608187135, "avg_comments_per_1k": 1.0095029239766082, "avg_restacks_per_1k": 0.2609649122807018}]}