{"topic": "Chemicals", "generated_at": "2025-09-14T12:36:23+00:00", "series": [{"month": "2024-12", "post_count": 1, "avg_reactions": 36.0, "avg_comments": 8.0, "avg_restacks": 1.0, "avg_reactions_per_1k": 7.0588235294117645, "avg_comments_per_1k": 1.5686274509803921, "avg_restacks_per_1k": 0.19607843137254902}, {"month": "2025-07", "post_count": 2, "avg_reactions": 4.0, "avg_comments": 2.5, "avg_restacks": 1.0, "avg_reactions_per_1k": 1.554292929292929, "avg_comments_per_1k": 6.313131313131313, "avg_restacks_per_1k": 0.08333333333333333}, {"month": "2025-08", "post_count": 1, "avg_reactions": 25.0, "avg_comments": 11.0, "avg_restacks": 1.0, "avg_reactions_per_1k": 5.208333333333334, "avg_comments_per_1k": 2.291666666666667, "avg_restacks_per_1k": 0.20833333333333334}, {"month": "2025-09", "post_count": 1, "avg_reactions": 0.0, "avg_comments": 0.0, "avg_restacks": 0.0, "avg_reactions_per_1k": 0.0, "avg_comments_per_1k": 0.0, "avg_restacks_per_1k": 0.0}]}