{"topic": "Chicken and Turkey", "generated_at": "2025-09-14T12:36:23+00:00", "series": [{"month": "2025-05", "post_count": 3, "avg_reactions": 30.0, "avg_comments": 13.666666666666666, "avg_restacks": 1.0, "avg_reactions_per_1k": 0.297029702970297, "avg_comments_per_1k": 0.1353135313531353, "avg_restacks_per_1k": 0.009900990099009901}, {"month": "2025-06", "post_count": 2, "avg_reactions": 48.0, "avg_comments": 20.0, "avg_restacks": 2.5, "avg_reactions_per_1k": 0.4752475247524752, "avg_comments_per_1k": 0.19801980198019803, "avg_restacks_per_1k": 0.024752475247524754}]}