{"topic": "Chicago", "generated_at": "2025-09-14T12:36:23+00:00", "series": [{"month": "2025-01", "post_count": 4, "avg_reactions": 23.75, "avg_comments": 2.0, "avg_restacks": 2.25, "avg_reactions_per_1k": 0.46568627450980393, "avg_comments_per_1k": 0.0392156862745098, "avg_restacks_per_1k": 0.044117647058823525}, {"month": "2025-02", "post_count": 1, "avg_reactions": 31.0, "avg_comments": 0.0, "avg_restacks": 2.0, "avg_reactions_per_1k": 0.6078431372549019, "avg_comments_per_1k": 0.0, "avg_restacks_per_1k": 0.0392156862745098}, {"month": "2025-03", "post_count": 3, "avg_reactions": 28.666666666666668, "avg_comments": 4.666666666666667, "avg_restacks": 2.3333333333333335, "avg_reactions_per_1k": 1.853408029878618, "avg_comments_per_1k": 0.337468320661598, "avg_restacks_per_1k": 0.168734160330799}, {"month": "2025-04", "post_count": 2, "avg_reactions": 16.5, "avg_comments": 8.0, "avg_restacks": 1.0, "avg_reactions_per_1k": 1.6148459383753502, "avg_comments_per_1k": 1.0792316926770709, "avg_restacks_per_1k": 0.0196078431372549}]}