{"topic": "Children's Books", "generated_at": "2025-09-14T12:36:23+00:00", "series": [{"month": "2025-08", "post_count": 1, "avg_reactions": 191.0, "avg_comments": 56.0, "avg_restacks": 4.0, "avg_reactions_per_1k": 5.305555555555555, "avg_comments_per_1k": 1.5555555555555554, "avg_restacks_per_1k": 0.1111111111111111}]}