{"topic": "Chinese Food", "generated_at": "2025-09-14T12:36:23+00:00", "series": [{"month": "2025-04", "post_count": 1, "avg_reactions": 75.0, "avg_comments": 12.0, "avg_restacks": 3.0, "avg_reactions_per_1k": 1.3392857142857142, "avg_comments_per_1k": 0.21428571428571427, "avg_restacks_per_1k": 0.05357142857142857}, {"month": "2025-05", "post_count": 2, "avg_reactions": 61.0, "avg_comments": 13.0, "avg_restacks": 2.0, "avg_reactions_per_1k": 3.511904761904762, "avg_comments_per_1k": 0.6726190476190476, "avg_restacks_per_1k": 0.25595238095238093}]}