{"topic": "China Tech", "generated_at": "2025-09-14T12:36:23+00:00", "series": [{"month": "2025-01", "post_count": 2, "avg_reactions": 9.5, "avg_comments": 1.0, "avg_restacks": 1.0, "avg_reactions_per_1k": 1.3194444444444444, "avg_comments_per_1k": 0.1388888888888889, "avg_restacks_per_1k": 0.1388888888888889}, {"month": "2025-03", "post_count": 1, "avg_reactions": 6.0, "avg_comments": 0.0, "avg_restacks": 3.0, "avg_reactions_per_1k": 0.8333333333333334, "avg_comments_per_1k": 0.0, "avg_restacks_per_1k": 0.4166666666666667}, {"month": "2025-04", "post_count": 1, "avg_reactions": 8.0, "avg_comments": 0.0, "avg_restacks": 4.0, "avg_reactions_per_1k": 1.1111111111111112, "avg_comments_per_1k": 0.0, "avg_restacks_per_1k": 0.5555555555555556}, {"month": "2025-08", "post_count": 1, "avg_reactions": 5.0, "avg_comments": 0.0, "avg_restacks": 1.0, "avg_reactions_per_1k": 0.6944444444444444, "avg_comments_per_1k": 0.0, "avg_restacks_per_1k": 0.1388888888888889}]}