{"topic": "Christian Mysticism", "generated_at": "2025-09-14T12:36:23+00:00", "series": [{"month": "2025-07", "post_count": 3, "avg_reactions": 87.0, "avg_comments": 77.66666666666667, "avg_restacks": 24.0, "avg_reactions_per_1k": 32.22222222222222, "avg_comments_per_1k": 28.76543209876543, "avg_restacks_per_1k": 8.888888888888888}, {"month": "2025-08", "post_count": 1, "avg_reactions": 73.0, "avg_comments": 57.0, "avg_restacks": 10.0, "avg_reactions_per_1k": 27.037037037037035, "avg_comments_per_1k": 21.11111111111111, "avg_restacks_per_1k": 3.7037037037037033}]}