{"topic": "Christmas", "generated_at": "2025-09-14T12:36:23+00:00", "series": [{"month": "2023-12", "post_count": 1, "avg_reactions": 12.0, "avg_comments": 9.0, "avg_restacks": 1.0, "avg_reactions_per_1k": 0.0, "avg_comments_per_1k": 0.0, "avg_restacks_per_1k": 0.0}, {"month": "2024-12", "post_count": 3, "avg_reactions": 52.666666666666664, "avg_comments": 11.666666666666666, "avg_restacks": 1.6666666666666667, "avg_reactions_per_1k": 4.072053872053872, "avg_comments_per_1k": 1.313131313131313, "avg_restacks_per_1k": 0.17845117845117844}]}