{"topic": "Christian Missions", "generated_at": "2025-09-14T12:36:23+00:00", "series": [{"month": "2025-08", "post_count": 1, "avg_reactions": 4.0, "avg_comments": 3.0, "avg_restacks": 0.0, "avg_reactions_per_1k": 0.17391304347826086, "avg_comments_per_1k": 0.13043478260869565, "avg_restacks_per_1k": 0.0}]}