{"topic": "Cinema", "generated_at": "2025-09-14T12:36:23+00:00", "series": [{"month": "2025-06", "post_count": 1, "avg_reactions": 22.0, "avg_comments": 21.0, "avg_restacks": 2.0, "avg_reactions_per_1k": 1.6923076923076925, "avg_comments_per_1k": 1.6153846153846154, "avg_restacks_per_1k": 0.15384615384615385}, {"month": "2025-08", "post_count": 1, "avg_reactions": 22.0, "avg_comments": 17.0, "avg_restacks": 3.0, "avg_reactions_per_1k": 1.6923076923076925, "avg_comments_per_1k": 1.3076923076923077, "avg_restacks_per_1k": 0.23076923076923078}, {"month": "2025-09", "post_count": 1, "avg_reactions": 90.0, "avg_comments": 0.0, "avg_restacks": 23.0, "avg_reactions_per_1k": 0.0, "avg_comments_per_1k": 0.0, "avg_restacks_per_1k": 0.0}]}