{"topic": "Claude Code", "generated_at": "2025-09-14T12:36:23+00:00", "series": [{"month": "2025-07", "post_count": 1, "avg_reactions": 138.0, "avg_comments": 0.0, "avg_restacks": 9.0, "avg_reactions_per_1k": 0.6359447004608295, "avg_comments_per_1k": 0.0, "avg_restacks_per_1k": 0.041474654377880185}, {"month": "2025-08", "post_count": 3, "avg_reactions": 41.666666666666664, "avg_comments": 1.0, "avg_restacks": 5.666666666666667, "avg_reactions_per_1k": 4.783239460658815, "avg_comments_per_1k": 0.004608294930875576, "avg_restacks_per_1k": 0.5770609318996416}]}