{"topic": "Clemson Tigers", "generated_at": "2025-09-14T12:36:23+00:00", "series": [{"month": "2025-07", "post_count": 1, "avg_reactions": 10.0, "avg_comments": 5.0, "avg_restacks": 0.0, "avg_reactions_per_1k": 3.8461538461538463, "avg_comments_per_1k": 1.9230769230769231, "avg_restacks_per_1k": 0.0}, {"month": "2025-08", "post_count": 2, "avg_reactions": 10.5, "avg_comments": 3.5, "avg_restacks": 0.0, "avg_reactions_per_1k": 4.038461538461538, "avg_comments_per_1k": 1.3461538461538463, "avg_restacks_per_1k": 0.0}]}