{"topic": "Climate & Environment", "generated_at": "2025-09-14T12:36:23+00:00", "series": [{"month": "2025-05", "post_count": 11, "avg_reactions": 25.727272727272727, "avg_comments": 8.272727272727273, "avg_restacks": 9.454545454545455, "avg_reactions_per_1k": 0.0, "avg_comments_per_1k": 0.0, "avg_restacks_per_1k": 0.0}, {"month": "2025-06", "post_count": 3, "avg_reactions": 30.333333333333332, "avg_comments": 10.333333333333334, "avg_restacks": 10.666666666666666, "avg_reactions_per_1k": 0.0, "avg_comments_per_1k": 0.0, "avg_restacks_per_1k": 0.0}, {"month": "2025-07", "post_count": 2, "avg_reactions": 0.5, "avg_comments": 0.0, "avg_restacks": 1.0, "avg_reactions_per_1k": 0.015151515151515152, "avg_comments_per_1k": 0.0, "avg_restacks_per_1k": 0.0625}, {"month": "2025-08", "post_count": 5, "avg_reactions": 71.6, "avg_comments": 46.2, "avg_restacks": 14.0, "avg_reactions_per_1k": 5.281156343656344, "avg_comments_per_1k": 2.977147852147852, "avg_restacks_per_1k": 0.9558774558774559}]}