{"topic": "Coaches", "generated_at": "2025-09-14T12:36:23+00:00", "series": [{"month": "2025-08", "post_count": 8, "avg_reactions": 25.875, "avg_comments": 11.375, "avg_restacks": 1.375, "avg_reactions_per_1k": 4.907155797101449, "avg_comments_per_1k": 2.2746829710144927, "avg_restacks_per_1k": 0.2389039855072464}, {"month": "2025-09", "post_count": 4, "avg_reactions": 27.75, "avg_comments": 11.0, "avg_restacks": 0.75, "avg_reactions_per_1k": 5.78125, "avg_comments_per_1k": 2.291666666666667, "avg_restacks_per_1k": 0.15625}]}