{"topic": "Coding", "generated_at": "2025-09-14T12:36:23+00:00", "series": [{"month": "2025-04", "post_count": 1, "avg_reactions": 16.0, "avg_comments": 0.0, "avg_restacks": 2.0, "avg_reactions_per_1k": 2.6666666666666665, "avg_comments_per_1k": 0.0, "avg_restacks_per_1k": 0.3333333333333333}, {"month": "2025-06", "post_count": 2, "avg_reactions": 28.5, "avg_comments": 2.5, "avg_restacks": 3.0, "avg_reactions_per_1k": 0.9483471074380165, "avg_comments_per_1k": 0.02066115702479339, "avg_restacks_per_1k": 0.26239669421487605}, {"month": "2025-07", "post_count": 2, "avg_reactions": 10.5, "avg_comments": 3.5, "avg_restacks": 3.5, "avg_reactions_per_1k": 3.2348484848484844, "avg_comments_per_1k": 3.1818181818181817, "avg_restacks_per_1k": 1.6969696969696968}, {"month": "2025-08", "post_count": 4, "avg_reactions": 24.25, "avg_comments": 11.25, "avg_restacks": 4.75, "avg_reactions_per_1k": 16.486619441164894, "avg_comments_per_1k": 8.540535222353403, "avg_restacks_per_1k": 3.7574773711137346}]}