{"topic": "Cognitive Models", "generated_at": "2025-09-14T12:36:23+00:00", "series": [{"month": "2025-05", "post_count": 1, "avg_reactions": 326.0, "avg_comments": 111.0, "avg_restacks": 65.0, "avg_reactions_per_1k": 0.0, "avg_comments_per_1k": 0.0, "avg_restacks_per_1k": 0.0}, {"month": "2025-06", "post_count": 1, "avg_reactions": 72.0, "avg_comments": 62.0, "avg_restacks": 19.0, "avg_reactions_per_1k": 0.0, "avg_comments_per_1k": 0.0, "avg_restacks_per_1k": 0.0}, {"month": "2025-07", "post_count": 1, "avg_reactions": 27.0, "avg_comments": 2.0, "avg_restacks": 2.0, "avg_reactions_per_1k": 4.576271186440678, "avg_comments_per_1k": 0.3389830508474576, "avg_restacks_per_1k": 0.3389830508474576}, {"month": "2025-08", "post_count": 3, "avg_reactions": 10.0, "avg_comments": 7.666666666666667, "avg_restacks": 1.0, "avg_reactions_per_1k": 0.43478260869565216, "avg_comments_per_1k": 0.3333333333333333, "avg_restacks_per_1k": 0.043478260869565216}]}