{"topic": "College Football Playoff", "generated_at": "2025-09-14T12:36:23+00:00", "series": [{"month": "2025-08", "post_count": 7, "avg_reactions": 7.714285714285714, "avg_comments": 14.428571428571429, "avg_restacks": 0.0, "avg_reactions_per_1k": 2.967032967032967, "avg_comments_per_1k": 5.549450549450549, "avg_restacks_per_1k": 0.0}]}