{"topic": "Commerce", "generated_at": "2025-09-14T12:36:23+00:00", "series": [{"month": "2025-01", "post_count": 1, "avg_reactions": 37.0, "avg_comments": 0.0, "avg_restacks": 5.0, "avg_reactions_per_1k": 0.9024390243902439, "avg_comments_per_1k": 0.0, "avg_restacks_per_1k": 0.12195121951219512}, {"month": "2025-08", "post_count": 1, "avg_reactions": 18.0, "avg_comments": 0.0, "avg_restacks": 3.0, "avg_reactions_per_1k": 0.43902439024390244, "avg_comments_per_1k": 0.0, "avg_restacks_per_1k": 0.07317073170731708}]}