{"topic": "Compliance", "generated_at": "2025-09-14T12:36:23+00:00", "series": [{"month": "2025-06", "post_count": 2, "avg_reactions": 8.5, "avg_comments": 0.0, "avg_restacks": 0.5, "avg_reactions_per_1k": 1.287878787878788, "avg_comments_per_1k": 0.0, "avg_restacks_per_1k": 0.07575757575757576}, {"month": "2025-07", "post_count": 4, "avg_reactions": 3.25, "avg_comments": 0.0, "avg_restacks": 0.5, "avg_reactions_per_1k": 0.49242424242424243, "avg_comments_per_1k": 0.0, "avg_restacks_per_1k": 0.07575757575757576}, {"month": "2025-08", "post_count": 6, "avg_reactions": 4.666666666666667, "avg_comments": 0.5, "avg_restacks": 0.16666666666666666, "avg_reactions_per_1k": 0.8484848484848484, "avg_comments_per_1k": 0.0, "avg_restacks_per_1k": 0.030303030303030304}]}