{"topic": "Complex Systems", "generated_at": "2025-09-14T12:36:23+00:00", "series": [{"month": "2025-02", "post_count": 3, "avg_reactions": 19.666666666666668, "avg_comments": 2.6666666666666665, "avg_restacks": 0.0, "avg_reactions_per_1k": 8.194444444444445, "avg_comments_per_1k": 1.1111111111111112, "avg_restacks_per_1k": 0.0}, {"month": "2025-04", "post_count": 1, "avg_reactions": 23.0, "avg_comments": 5.0, "avg_restacks": 2.0, "avg_reactions_per_1k": 9.583333333333334, "avg_comments_per_1k": 2.0833333333333335, "avg_restacks_per_1k": 0.8333333333333334}, {"month": "2025-05", "post_count": 1, "avg_reactions": 44.0, "avg_comments": 5.0, "avg_restacks": 4.0, "avg_reactions_per_1k": 18.333333333333336, "avg_comments_per_1k": 2.0833333333333335, "avg_restacks_per_1k": 1.6666666666666667}, {"month": "2025-06", "post_count": 2, "avg_reactions": 20.0, "avg_comments": 1.5, "avg_restacks": 2.5, "avg_reactions_per_1k": 8.333333333333334, "avg_comments_per_1k": 0.625, "avg_restacks_per_1k": 1.0416666666666667}]}