{"topic": "Congress", "generated_at": "2025-09-14T12:36:23+00:00", "series": [{"month": "2025-09", "post_count": 3, "avg_reactions": 296.3333333333333, "avg_comments": 36.333333333333336, "avg_restacks": 109.33333333333333, "avg_reactions_per_1k": 9.877777777777778, "avg_comments_per_1k": 1.211111111111111, "avg_restacks_per_1k": 3.6444444444444444}]}