{"topic": "Context Engineering", "generated_at": "2025-09-14T12:36:23+00:00", "series": [{"month": "2025-07", "post_count": 8, "avg_reactions": 63.625, "avg_comments": 17.5, "avg_restacks": 8.25, "avg_reactions_per_1k": 4.007490636704119, "avg_comments_per_1k": 0.599250936329588, "avg_restacks_per_1k": 0.4307116104868913}, {"month": "2025-08", "post_count": 3, "avg_reactions": 30.666666666666668, "avg_comments": 7.333333333333333, "avg_restacks": 2.3333333333333335, "avg_reactions_per_1k": 3.4456928838951306, "avg_comments_per_1k": 0.8239700374531834, "avg_restacks_per_1k": 0.26217228464419473}, {"month": "2025-09", "post_count": 2, "avg_reactions": 21.5, "avg_comments": 1.0, "avg_restacks": 1.0, "avg_reactions_per_1k": 2.4157303370786516, "avg_comments_per_1k": 0.11235955056179775, "avg_restacks_per_1k": 0.11235955056179775}]}