{"topic": "Cooking", "generated_at": "2025-09-14T12:36:23+00:00", "series": [{"month": "2024-12", "post_count": 1, "avg_reactions": 56.0, "avg_comments": 9.0, "avg_restacks": 1.0, "avg_reactions_per_1k": 11.914893617021276, "avg_comments_per_1k": 1.9148936170212767, "avg_restacks_per_1k": 0.2127659574468085}, {"month": "2025-03", "post_count": 1, "avg_reactions": 24.0, "avg_comments": 0.0, "avg_restacks": 0.0, "avg_reactions_per_1k": 0.5, "avg_comments_per_1k": 0.0, "avg_restacks_per_1k": 0.0}, {"month": "2025-06", "post_count": 1, "avg_reactions": 58.0, "avg_comments": 19.0, "avg_restacks": 6.0, "avg_reactions_per_1k": 0.8656716417910447, "avg_comments_per_1k": 0.2835820895522388, "avg_restacks_per_1k": 0.08955223880597014}, {"month": "2025-08", "post_count": 3, "avg_reactions": 17.333333333333332, "avg_comments": 7.333333333333333, "avg_restacks": 0.6666666666666666, "avg_reactions_per_1k": 1.575757575757576, "avg_comments_per_1k": 0.6666666666666666, "avg_restacks_per_1k": 0.06060606060606061}]}