{"topic": "Cookbooks", "generated_at": "2025-09-14T12:36:23+00:00", "series": [{"month": "2025-02", "post_count": 2, "avg_reactions": 145.0, "avg_comments": 113.5, "avg_restacks": 10.5, "avg_reactions_per_1k": 12.083333333333332, "avg_comments_per_1k": 9.458333333333332, "avg_restacks_per_1k": 0.875}, {"month": "2025-08", "post_count": 1, "avg_reactions": 20.0, "avg_comments": 15.0, "avg_restacks": 0.0, "avg_reactions_per_1k": 2.1739130434782608, "avg_comments_per_1k": 1.6304347826086956, "avg_restacks_per_1k": 0.0}]}