{"topic": "Copper", "generated_at": "2025-09-14T12:36:23+00:00", "series": [{"month": "2025-06", "post_count": 1, "avg_reactions": 38.0, "avg_comments": 23.0, "avg_restacks": 6.0, "avg_reactions_per_1k": 4.0, "avg_comments_per_1k": 2.4210526315789473, "avg_restacks_per_1k": 0.631578947368421}, {"month": "2025-07", "post_count": 2, "avg_reactions": 38.5, "avg_comments": 33.5, "avg_restacks": 2.0, "avg_reactions_per_1k": 4.052631578947368, "avg_comments_per_1k": 3.526315789473684, "avg_restacks_per_1k": 0.21052631578947367}, {"month": "2025-08", "post_count": 2, "avg_reactions": 38.5, "avg_comments": 40.5, "avg_restacks": 2.0, "avg_reactions_per_1k": 4.052631578947368, "avg_comments_per_1k": 4.263157894736842, "avg_restacks_per_1k": 0.21052631578947367}]}