{"topic": "Copywriting", "generated_at": "2025-09-14T12:36:23+00:00", "series": [{"month": "2025-06", "post_count": 2, "avg_reactions": 13.0, "avg_comments": 4.0, "avg_restacks": 4.0, "avg_reactions_per_1k": 1.9740129935032484, "avg_comments_per_1k": 0.45977011494252873, "avg_restacks_per_1k": 0.45977011494252873}, {"month": "2025-07", "post_count": 3, "avg_reactions": 13.0, "avg_comments": 8.666666666666666, "avg_restacks": 2.6666666666666665, "avg_reactions_per_1k": 1.4942528735632186, "avg_comments_per_1k": 0.9961685823754789, "avg_restacks_per_1k": 0.3065134099616858}, {"month": "2025-08", "post_count": 2, "avg_reactions": 29.0, "avg_comments": 2.0, "avg_restacks": 1.5, "avg_reactions_per_1k": 0.7438610240334378, "avg_comments_per_1k": 0.22988505747126436, "avg_restacks_per_1k": 0.06883490073145246}]}