{"topic": "Corn", "generated_at": "2025-09-14T12:36:23+00:00", "series": [{"month": "2025-04", "post_count": 1, "avg_reactions": 28.0, "avg_comments": 8.0, "avg_restacks": 2.0, "avg_reactions_per_1k": 1.076923076923077, "avg_comments_per_1k": 0.3076923076923077, "avg_restacks_per_1k": 0.07692307692307693}]}