{"topic": "CountryLife", "generated_at": "2025-09-14T12:36:23+00:00", "series": [{"month": "2025-07", "post_count": 1, "avg_reactions": 13.0, "avg_comments": 7.0, "avg_restacks": 0.0, "avg_reactions_per_1k": 29.6127562642369, "avg_comments_per_1k": 15.945330296127562, "avg_restacks_per_1k": 0.0}, {"month": "2025-08", "post_count": 6, "avg_reactions": 11.666666666666666, "avg_comments": 2.1666666666666665, "avg_restacks": 1.6666666666666667, "avg_reactions_per_1k": 26.575550493545936, "avg_comments_per_1k": 4.935459377372816, "avg_restacks_per_1k": 3.796507213363705}, {"month": "2025-09", "post_count": 1, "avg_reactions": 5.0, "avg_comments": 3.0, "avg_restacks": 1.0, "avg_reactions_per_1k": 11.389521640091116, "avg_comments_per_1k": 6.833712984054669, "avg_restacks_per_1k": 2.277904328018223}]}