{"topic": "Courts", "generated_at": "2025-09-14T12:36:23+00:00", "series": [{"month": "2025-06", "post_count": 4, "avg_reactions": 21.25, "avg_comments": 8.5, "avg_restacks": 2.75, "avg_reactions_per_1k": 0.9239130434782609, "avg_comments_per_1k": 0.3695652173913043, "avg_restacks_per_1k": 0.11956521739130435}, {"month": "2025-07", "post_count": 12, "avg_reactions": 21.25, "avg_comments": 7.5, "avg_restacks": 2.8333333333333335, "avg_reactions_per_1k": 0.9937888198757764, "avg_comments_per_1k": 0.37267080745341613, "avg_restacks_per_1k": 0.12784679089026915}, {"month": "2025-08", "post_count": 10, "avg_reactions": 59.8, "avg_comments": 36.1, "avg_restacks": 10.6, "avg_reactions_per_1k": 1.3577717391304347, "avg_comments_per_1k": 1.0398369565217391, "avg_restacks_per_1k": 0.16967391304347826}, {"month": "2025-09", "post_count": 2, "avg_reactions": 15.0, "avg_comments": 4.0, "avg_restacks": 2.5, "avg_reactions_per_1k": 0.6521739130434783, "avg_comments_per_1k": 0.17391304347826086, "avg_restacks_per_1k": 0.10869565217391304}]}