{"topic": "COVID-19 vaccines", "generated_at": "2025-09-14T12:36:23+00:00", "series": [{"month": "2025-08", "post_count": 7, "avg_reactions": 724.5714285714286, "avg_comments": 169.42857142857142, "avg_restacks": 137.42857142857142, "avg_reactions_per_1k": 2.456281407035176, "avg_comments_per_1k": 0.5708542713567839, "avg_restacks_per_1k": 0.47286432160804026}, {"month": "2025-09", "post_count": 3, "avg_reactions": 284.0, "avg_comments": 59.666666666666664, "avg_restacks": 42.666666666666664, "avg_reactions_per_1k": 0.9912060301507538, "avg_comments_per_1k": 0.20728643216080403, "avg_restacks_per_1k": 0.15577889447236182}]}