{"topic": "Cowboy Culture", "generated_at": "2025-09-14T12:36:23+00:00", "series": [{"month": "2025-09", "post_count": 1, "avg_reactions": 49.0, "avg_comments": 20.0, "avg_restacks": 5.0, "avg_reactions_per_1k": 0.7101449275362319, "avg_comments_per_1k": 0.2898550724637681, "avg_restacks_per_1k": 0.07246376811594203}]}