{"topic": "CRE", "generated_at": "2025-09-14T12:36:23+00:00", "series": [{"month": "2025-05", "post_count": 2, "avg_reactions": 9.5, "avg_comments": 2.5, "avg_restacks": 1.0, "avg_reactions_per_1k": 1.5573770491803278, "avg_comments_per_1k": 0.4098360655737705, "avg_restacks_per_1k": 0.16393442622950818}, {"month": "2025-06", "post_count": 5, "avg_reactions": 7.6, "avg_comments": 4.0, "avg_restacks": 0.8, "avg_reactions_per_1k": 1.2459016393442623, "avg_comments_per_1k": 0.6557377049180327, "avg_restacks_per_1k": 0.13114754098360654}, {"month": "2025-07", "post_count": 3, "avg_reactions": 8.0, "avg_comments": 4.666666666666667, "avg_restacks": 1.0, "avg_reactions_per_1k": 1.3114754098360655, "avg_comments_per_1k": 0.7650273224043715, "avg_restacks_per_1k": 0.16393442622950818}]}