{"topic": "Creative Writing", "generated_at": "2025-09-14T12:36:23+00:00", "series": [{"month": "2025-08", "post_count": 2, "avg_reactions": 19.0, "avg_comments": 13.5, "avg_restacks": 3.5, "avg_reactions_per_1k": 8.461427193828351, "avg_comments_per_1k": 4.676821250109582, "avg_restacks_per_1k": 1.539332573565939}]}