{"topic": "Cricket", "generated_at": "2025-09-14T12:36:23+00:00", "series": [{"month": "2025-07", "post_count": 5, "avg_reactions": 2.2, "avg_comments": 0.6, "avg_restacks": 0.2, "avg_reactions_per_1k": 1.222222222222222, "avg_comments_per_1k": 0.33333333333333337, "avg_restacks_per_1k": 0.11111111111111112}, {"month": "2025-08", "post_count": 33, "avg_reactions": 17.333333333333332, "avg_comments": 10.575757575757576, "avg_restacks": 0.36363636363636365, "avg_reactions_per_1k": 2.5754208754208756, "avg_comments_per_1k": 1.2784511784511785, "avg_restacks_per_1k": 0.050168350168350175}, {"month": "2025-09", "post_count": 18, "avg_reactions": 17.77777777777778, "avg_comments": 12.277777777777779, "avg_restacks": 0.2777777777777778, "avg_reactions_per_1k": 2.056172839506173, "avg_comments_per_1k": 1.2277777777777779, "avg_restacks_per_1k": 0.027777777777777776}]}