{"topic": "Cuba", "generated_at": "2025-09-14T12:36:23+00:00", "series": [{"month": "2025-07", "post_count": 1, "avg_reactions": 25.0, "avg_comments": 6.0, "avg_restacks": 7.0, "avg_reactions_per_1k": 0.19230769230769232, "avg_comments_per_1k": 0.046153846153846156, "avg_restacks_per_1k": 0.05384615384615385}]}