{"topic": "Current Events", "generated_at": "2025-09-14T12:36:23+00:00", "series": [{"month": "2025-06", "post_count": 2, "avg_reactions": 253.5, "avg_comments": 2593.5, "avg_restacks": 34.5, "avg_reactions_per_1k": 0.0, "avg_comments_per_1k": 0.0, "avg_restacks_per_1k": 0.0}, {"month": "2025-07", "post_count": 5, "avg_reactions": 116.0, "avg_comments": 530.8, "avg_restacks": 15.0, "avg_reactions_per_1k": 5.408163265306122, "avg_comments_per_1k": 2.081632653061224, "avg_restacks_per_1k": 0.7346938775510203}, {"month": "2025-08", "post_count": 1, "avg_reactions": 516.0, "avg_comments": 4.0, "avg_restacks": 35.0, "avg_reactions_per_1k": 3.185185185185185, "avg_comments_per_1k": 0.024691358024691357, "avg_restacks_per_1k": 0.21604938271604937}, {"month": "2025-09", "post_count": 7, "avg_reactions": 104.14285714285714, "avg_comments": 271.14285714285717, "avg_restacks": 11.571428571428571, "avg_reactions_per_1k": 5.101449275362319, "avg_comments_per_1k": 13.753623188405797, "avg_restacks_per_1k": 0.5869565217391304}]}