{"topic": "Customer Experience", "generated_at": "2025-09-14T12:36:23+00:00", "series": [{"month": "2025-05", "post_count": 2, "avg_reactions": 9.5, "avg_comments": 3.0, "avg_restacks": 0.0, "avg_reactions_per_1k": 0.2567567567567568, "avg_comments_per_1k": 0.08108108108108109, "avg_restacks_per_1k": 0.0}, {"month": "2025-06", "post_count": 1, "avg_reactions": 25.0, "avg_comments": 0.0, "avg_restacks": 0.0, "avg_reactions_per_1k": 0.6756756756756757, "avg_comments_per_1k": 0.0, "avg_restacks_per_1k": 0.0}, {"month": "2025-07", "post_count": 2, "avg_reactions": 12.0, "avg_comments": 1.0, "avg_restacks": 1.5, "avg_reactions_per_1k": 3.052631578947368, "avg_comments_per_1k": 0.5263157894736842, "avg_restacks_per_1k": 0.4631578947368421}]}