{"topic": "Customer Service", "generated_at": "2025-09-14T12:36:23+00:00", "series": [{"month": "2025-07", "post_count": 2, "avg_reactions": 12.0, "avg_comments": 1.0, "avg_restacks": 1.5, "avg_reactions_per_1k": 3.052631578947368, "avg_comments_per_1k": 0.5263157894736842, "avg_restacks_per_1k": 0.4631578947368421}]}