{"topic": "Cycling", "generated_at": "2025-09-14T12:36:23+00:00", "series": [{"month": "2025-03", "post_count": 1, "avg_reactions": 30.0, "avg_comments": 20.0, "avg_restacks": 4.0, "avg_reactions_per_1k": 12.5, "avg_comments_per_1k": 8.333333333333334, "avg_restacks_per_1k": 1.6666666666666667}, {"month": "2025-04", "post_count": 1, "avg_reactions": 12.0, "avg_comments": 4.0, "avg_restacks": 0.0, "avg_reactions_per_1k": 3.1578947368421053, "avg_comments_per_1k": 1.0526315789473684, "avg_restacks_per_1k": 0.0}, {"month": "2025-05", "post_count": 1, "avg_reactions": 26.0, "avg_comments": 6.0, "avg_restacks": 2.0, "avg_reactions_per_1k": 10.833333333333334, "avg_comments_per_1k": 2.5, "avg_restacks_per_1k": 0.8333333333333334}, {"month": "2025-08", "post_count": 4, "avg_reactions": 12.5, "avg_comments": 2.0, "avg_restacks": 0.25, "avg_reactions_per_1k": 1.9230769230769234, "avg_comments_per_1k": 0.3076923076923077, "avg_restacks_per_1k": 0.038461538461538464}]}