{"topic": "Dallas Cowboys", "generated_at": "2025-09-14T12:36:23+00:00", "series": [{"month": "2025-07", "post_count": 1, "avg_reactions": 40.0, "avg_comments": 13.0, "avg_restacks": 2.0, "avg_reactions_per_1k": 4.081632653061225, "avg_comments_per_1k": 1.3265306122448979, "avg_restacks_per_1k": 0.20408163265306123}, {"month": "2025-08", "post_count": 14, "avg_reactions": 65.64285714285714, "avg_comments": 71.57142857142857, "avg_restacks": 0.7857142857142857, "avg_reactions_per_1k": 6.698250728862973, "avg_comments_per_1k": 7.303206997084549, "avg_restacks_per_1k": 0.08017492711370264}, {"month": "2025-09", "post_count": 8, "avg_reactions": 64.5, "avg_comments": 64.875, "avg_restacks": 0.75, "avg_reactions_per_1k": 6.581632653061225, "avg_comments_per_1k": 6.619897959183674, "avg_restacks_per_1k": 0.07653061224489796}]}