{"topic": "Dallas Stars", "generated_at": "2025-09-14T12:36:23+00:00", "series": [{"month": "2025-06", "post_count": 3, "avg_reactions": 42.0, "avg_comments": 6.333333333333333, "avg_restacks": 1.3333333333333333, "avg_reactions_per_1k": 11.666666666666666, "avg_comments_per_1k": 1.7592592592592593, "avg_restacks_per_1k": 0.3703703703703704}, {"month": "2025-07", "post_count": 3, "avg_reactions": 47.666666666666664, "avg_comments": 7.666666666666667, "avg_restacks": 1.6666666666666667, "avg_reactions_per_1k": 13.240740740740742, "avg_comments_per_1k": 2.1296296296296298, "avg_restacks_per_1k": 0.46296296296296297}, {"month": "2025-08", "post_count": 2, "avg_reactions": 34.0, "avg_comments": 7.0, "avg_restacks": 1.5, "avg_reactions_per_1k": 9.444444444444445, "avg_comments_per_1k": 1.9444444444444444, "avg_restacks_per_1k": 0.4166666666666667}, {"month": "2025-09", "post_count": 1, "avg_reactions": 29.0, "avg_comments": 26.0, "avg_restacks": 2.0, "avg_reactions_per_1k": 8.055555555555555, "avg_comments_per_1k": 7.222222222222222, "avg_restacks_per_1k": 0.5555555555555556}]}