{"topic": "data center strategy", "generated_at": "2025-09-14T12:36:23+00:00", "series": [{"month": "2025-08", "post_count": 3, "avg_reactions": 24.666666666666668, "avg_comments": 4.0, "avg_restacks": 4.0, "avg_reactions_per_1k": 12.982456140350877, "avg_comments_per_1k": 2.1052631578947367, "avg_restacks_per_1k": 2.1052631578947367}]}