{"topic": "Data Structures", "generated_at": "2025-09-14T12:36:23+00:00", "series": [{"month": "2025-06", "post_count": 1, "avg_reactions": 48.0, "avg_comments": 5.0, "avg_restacks": 3.0, "avg_reactions_per_1k": 0.39669421487603307, "avg_comments_per_1k": 0.04132231404958678, "avg_restacks_per_1k": 0.024793388429752067}, {"month": "2025-08", "post_count": 1, "avg_reactions": 15.0, "avg_comments": 6.0, "avg_restacks": 1.0, "avg_reactions_per_1k": 0.12396694214876033, "avg_comments_per_1k": 0.049586776859504134, "avg_restacks_per_1k": 0.008264462809917356}]}