{"topic": "Deep State", "generated_at": "2025-09-14T12:36:23+00:00", "series": [{"month": "2024-07", "post_count": 1, "avg_reactions": 134.0, "avg_comments": 42.0, "avg_restacks": 25.0, "avg_reactions_per_1k": 9.571428571428571, "avg_comments_per_1k": 3.0, "avg_restacks_per_1k": 1.7857142857142856}, {"month": "2025-04", "post_count": 1, "avg_reactions": 184.0, "avg_comments": 18.0, "avg_restacks": 47.0, "avg_reactions_per_1k": 13.142857142857142, "avg_comments_per_1k": 1.2857142857142856, "avg_restacks_per_1k": 3.3571428571428568}]}