{"topic": "Denmark", "generated_at": "2025-09-14T12:36:23+00:00", "series": [{"month": "2024-12", "post_count": 1, "avg_reactions": 173.0, "avg_comments": 192.0, "avg_restacks": 28.0, "avg_reactions_per_1k": 57.666666666666664, "avg_comments_per_1k": 64.0, "avg_restacks_per_1k": 9.333333333333332}, {"month": "2025-07", "post_count": 1, "avg_reactions": 101.0, "avg_comments": 48.0, "avg_restacks": 4.0, "avg_reactions_per_1k": 24.047619047619047, "avg_comments_per_1k": 11.428571428571427, "avg_restacks_per_1k": 0.9523809523809523}, {"month": "2025-08", "post_count": 2, "avg_reactions": 1283.0, "avg_comments": 159.5, "avg_restacks": 162.0, "avg_reactions_per_1k": 305.4761904761904, "avg_comments_per_1k": 37.976190476190474, "avg_restacks_per_1k": 38.57142857142857}, {"month": "2025-09", "post_count": 1, "avg_reactions": 60.0, "avg_comments": 8.0, "avg_restacks": 2.0, "avg_reactions_per_1k": 5.454545454545455, "avg_comments_per_1k": 0.7272727272727273, "avg_restacks_per_1k": 0.18181818181818182}]}