{"topic": "Depression", "generated_at": "2025-09-14T12:36:23+00:00", "series": [{"month": "2025-03", "post_count": 1, "avg_reactions": 42.0, "avg_comments": 0.0, "avg_restacks": 5.0, "avg_reactions_per_1k": 0.8235294117647058, "avg_comments_per_1k": 0.0, "avg_restacks_per_1k": 0.09803921568627451}, {"month": "2025-08", "post_count": 2, "avg_reactions": 19.5, "avg_comments": 21.5, "avg_restacks": 0.5, "avg_reactions_per_1k": 39.71486761710794, "avg_comments_per_1k": 43.78818737270876, "avg_restacks_per_1k": 1.0183299389002036}]}