{"topic": "digital infrastructure", "generated_at": "2025-09-14T12:36:23+00:00", "series": [{"month": "2025-08", "post_count": 1, "avg_reactions": 34.0, "avg_comments": 11.0, "avg_restacks": 2.0, "avg_reactions_per_1k": 17.894736842105264, "avg_comments_per_1k": 5.789473684210526, "avg_restacks_per_1k": 1.0526315789473684}]}