{"topic": "Dinner Ideas", "generated_at": "2025-09-14T12:36:23+00:00", "series": [{"month": "2024-10", "post_count": 1, "avg_reactions": 1.0, "avg_comments": 0.0, "avg_restacks": 0.0, "avg_reactions_per_1k": 1.17096018735363, "avg_comments_per_1k": 0.0, "avg_restacks_per_1k": 0.0}, {"month": "2025-07", "post_count": 3, "avg_reactions": 24.333333333333332, "avg_comments": 1.3333333333333333, "avg_restacks": 0.6666666666666666, "avg_reactions_per_1k": 0.4808355343081561, "avg_comments_per_1k": 0.04597701149425287, "avg_restacks_per_1k": 0.017342206089937487}, {"month": "2025-08", "post_count": 9, "avg_reactions": 13.222222222222221, "avg_comments": 0.0, "avg_restacks": 0.5555555555555556, "avg_reactions_per_1k": 0.4886245758663098, "avg_comments_per_1k": 0.0, "avg_restacks_per_1k": 0.03241186407155582}, {"month": "2025-09", "post_count": 1, "avg_reactions": 0.0, "avg_comments": 0.0, "avg_restacks": 0.0, "avg_reactions_per_1k": 0.0, "avg_comments_per_1k": 0.0, "avg_restacks_per_1k": 0.0}]}