{"topic": "Dips", "generated_at": "2025-09-14T12:36:23+00:00", "series": [{"month": "2025-07", "post_count": 1, "avg_reactions": 53.0, "avg_comments": 52.0, "avg_restacks": 3.0, "avg_reactions_per_1k": 1.8275862068965516, "avg_comments_per_1k": 1.793103448275862, "avg_restacks_per_1k": 0.10344827586206896}]}