{"topic": "Disasters", "generated_at": "2025-09-14T12:36:23+00:00", "series": [{"month": "2024-05", "post_count": 1, "avg_reactions": 8.0, "avg_comments": 3.0, "avg_restacks": 0.0, "avg_reactions_per_1k": 0.42105263157894735, "avg_comments_per_1k": 0.15789473684210525, "avg_restacks_per_1k": 0.0}, {"month": "2025-05", "post_count": 1, "avg_reactions": 5.0, "avg_comments": 6.0, "avg_restacks": 0.0, "avg_reactions_per_1k": 30.120481927710845, "avg_comments_per_1k": 36.144578313253014, "avg_restacks_per_1k": 0.0}]}