{"topic": "Disease", "generated_at": "2025-09-14T12:36:23+00:00", "series": [{"month": "2025-07", "post_count": 1, "avg_reactions": 370.0, "avg_comments": 91.0, "avg_restacks": 63.0, "avg_reactions_per_1k": 1.5677966101694916, "avg_comments_per_1k": 0.385593220338983, "avg_restacks_per_1k": 0.2669491525423729}, {"month": "2025-08", "post_count": 7, "avg_reactions": 65.85714285714286, "avg_comments": 36.0, "avg_restacks": 8.857142857142858, "avg_reactions_per_1k": 2.2305194805194803, "avg_comments_per_1k": 1.4177489177489178, "avg_restacks_per_1k": 0.3143939393939394}, {"month": "2025-09", "post_count": 1, "avg_reactions": 14.0, "avg_comments": 15.0, "avg_restacks": 0.0, "avg_reactions_per_1k": 10.76923076923077, "avg_comments_per_1k": 11.538461538461538, "avg_restacks_per_1k": 0.0}]}