{"topic": "Drama", "generated_at": "2025-09-14T12:36:23+00:00", "series": [{"month": "2025-07", "post_count": 2, "avg_reactions": 13.0, "avg_comments": 12.0, "avg_restacks": 0.0, "avg_reactions_per_1k": 6.842105263157895, "avg_comments_per_1k": 6.315789473684211, "avg_restacks_per_1k": 0.0}, {"month": "2025-08", "post_count": 1, "avg_reactions": 28.0, "avg_comments": 40.0, "avg_restacks": 1.0, "avg_reactions_per_1k": 4.057971014492754, "avg_comments_per_1k": 5.797101449275362, "avg_restacks_per_1k": 0.14492753623188406}]}