{"topic": "Drinks", "generated_at": "2025-09-14T12:36:23+00:00", "series": [{"month": "2025-05", "post_count": 1, "avg_reactions": 94.0, "avg_comments": 11.0, "avg_restacks": 1.0, "avg_reactions_per_1k": 0.4895833333333333, "avg_comments_per_1k": 0.057291666666666664, "avg_restacks_per_1k": 0.005208333333333333}, {"month": "2025-08", "post_count": 1, "avg_reactions": 2.0, "avg_comments": 0.0, "avg_restacks": 0.0, "avg_reactions_per_1k": 2.34192037470726, "avg_comments_per_1k": 0.0, "avg_restacks_per_1k": 0.0}]}