{"topic": "Earnings", "generated_at": "2025-09-14T12:36:23+00:00", "series": [{"month": "2025-06", "post_count": 1, "avg_reactions": 44.0, "avg_comments": 0.0, "avg_restacks": 4.0, "avg_reactions_per_1k": 2.095238095238095, "avg_comments_per_1k": 0.0, "avg_restacks_per_1k": 0.19047619047619047}, {"month": "2025-07", "post_count": 10, "avg_reactions": 10.5, "avg_comments": 1.6, "avg_restacks": 1.3, "avg_reactions_per_1k": 8.812750353511223, "avg_comments_per_1k": 3.0311264822134385, "avg_restacks_per_1k": 0.006868131868131869}, {"month": "2025-08", "post_count": 15, "avg_reactions": 3.6, "avg_comments": 0.7333333333333333, "avg_restacks": 0.2, "avg_reactions_per_1k": 6.340453717502897, "avg_comments_per_1k": 1.8939393939393938, "avg_restacks_per_1k": 0.0}, {"month": "2025-09", "post_count": 1, "avg_reactions": 70.0, "avg_comments": 0.0, "avg_restacks": 3.0, "avg_reactions_per_1k": 0.38461538461538464, "avg_comments_per_1k": 0.0, "avg_restacks_per_1k": 0.016483516483516484}]}