{"topic": "Easter", "generated_at": "2025-09-14T12:36:23+00:00", "series": [{"month": "2025-04", "post_count": 3, "avg_reactions": 6.333333333333333, "avg_comments": 4.0, "avg_restacks": 1.6666666666666667, "avg_reactions_per_1k": 0.7723577235772358, "avg_comments_per_1k": 0.4878048780487805, "avg_restacks_per_1k": 0.2032520325203252}]}