{"topic": "Easy Meals", "generated_at": "2025-09-14T12:36:23+00:00", "series": [{"month": "2025-04", "post_count": 1, "avg_reactions": 3.0, "avg_comments": 2.0, "avg_restacks": 0.0, "avg_reactions_per_1k": 0.3846153846153846, "avg_comments_per_1k": 0.2564102564102564, "avg_restacks_per_1k": 0.0}, {"month": "2025-07", "post_count": 1, "avg_reactions": 4.0, "avg_comments": 0.0, "avg_restacks": 0.0, "avg_reactions_per_1k": 0.5128205128205128, "avg_comments_per_1k": 0.0, "avg_restacks_per_1k": 0.0}, {"month": "2025-08", "post_count": 2, "avg_reactions": 5.5, "avg_comments": 0.0, "avg_restacks": 1.0, "avg_reactions_per_1k": 1.4473684210526314, "avg_comments_per_1k": 0.0, "avg_restacks_per_1k": 0.2631578947368421}, {"month": "2025-09", "post_count": 1, "avg_reactions": 14.0, "avg_comments": 2.0, "avg_restacks": 1.0, "avg_reactions_per_1k": 3.6842105263157894, "avg_comments_per_1k": 0.5263157894736842, "avg_restacks_per_1k": 0.2631578947368421}]}