{"topic": "Eggs", "generated_at": "2025-09-14T12:36:23+00:00", "series": [{"month": "2025-02", "post_count": 1, "avg_reactions": 1.0, "avg_comments": 0.0, "avg_restacks": 0.0, "avg_reactions_per_1k": 1.17096018735363, "avg_comments_per_1k": 0.0, "avg_restacks_per_1k": 0.0}, {"month": "2025-06", "post_count": 2, "avg_reactions": 30.5, "avg_comments": 7.5, "avg_restacks": 1.0, "avg_reactions_per_1k": 6.962025316455697, "avg_comments_per_1k": 1.89873417721519, "avg_restacks_per_1k": 0.25316455696202533}]}