{"topic": "Election", "generated_at": "2025-09-14T12:36:23+00:00", "series": [{"month": "2024-11", "post_count": 4, "avg_reactions": 248.75, "avg_comments": 175.75, "avg_restacks": 30.0, "avg_reactions_per_1k": 59.226190476190474, "avg_comments_per_1k": 41.845238095238095, "avg_restacks_per_1k": 7.142857142857142}, {"month": "2025-06", "post_count": 1, "avg_reactions": 75.0, "avg_comments": 9.0, "avg_restacks": 14.0, "avg_reactions_per_1k": 0.43859649122807015, "avg_comments_per_1k": 0.05263157894736842, "avg_restacks_per_1k": 0.08187134502923976}, {"month": "2025-07", "post_count": 1, "avg_reactions": 151.0, "avg_comments": 37.0, "avg_restacks": 35.0, "avg_reactions_per_1k": 0.8830409356725146, "avg_comments_per_1k": 0.21637426900584794, "avg_restacks_per_1k": 0.2046783625730994}, {"month": "2025-08", "post_count": 2, "avg_reactions": 2071.5, "avg_comments": 440.0, "avg_restacks": 381.5, "avg_reactions_per_1k": 7.292028615227388, "avg_comments_per_1k": 0.9044313859081361, "avg_restacks_per_1k": 1.2179498097995798}]}