{"topic": "Employment", "generated_at": "2025-09-14T12:36:23+00:00", "series": [{"month": "2025-01", "post_count": 2, "avg_reactions": 309.0, "avg_comments": 39.0, "avg_restacks": 2.5, "avg_reactions_per_1k": 2.1398026315789473, "avg_comments_per_1k": 0.2708333333333333, "avg_restacks_per_1k": 0.02357456140350877}, {"month": "2025-06", "post_count": 2, "avg_reactions": 28.5, "avg_comments": 10.5, "avg_restacks": 1.5, "avg_reactions_per_1k": 1.59375, "avg_comments_per_1k": 0.65625, "avg_restacks_per_1k": 0.0625}, {"month": "2025-08", "post_count": 2, "avg_reactions": 30.5, "avg_comments": 9.0, "avg_restacks": 0.0, "avg_reactions_per_1k": 0.8714285714285714, "avg_comments_per_1k": 0.2571428571428571, "avg_restacks_per_1k": 0.0}]}