{"topic": "Esotericism", "generated_at": "2025-09-14T12:36:23+00:00", "series": [{"month": "2025-08", "post_count": 1, "avg_reactions": 12.0, "avg_comments": 10.0, "avg_restacks": 1.0, "avg_reactions_per_1k": 0.631578947368421, "avg_comments_per_1k": 0.5263157894736842, "avg_restacks_per_1k": 0.05263157894736842}]}