{"topic": "EU", "generated_at": "2025-09-14T12:36:23+00:00", "series": [{"month": "2025-03", "post_count": 1, "avg_reactions": 90.0, "avg_comments": 31.0, "avg_restacks": 16.0, "avg_reactions_per_1k": 6.428571428571428, "avg_comments_per_1k": 2.214285714285714, "avg_restacks_per_1k": 1.1428571428571428}, {"month": "2025-04", "post_count": 1, "avg_reactions": 184.0, "avg_comments": 18.0, "avg_restacks": 47.0, "avg_reactions_per_1k": 13.142857142857142, "avg_comments_per_1k": 1.2857142857142856, "avg_restacks_per_1k": 3.3571428571428568}, {"month": "2025-06", "post_count": 1, "avg_reactions": 22.0, "avg_comments": 0.0, "avg_restacks": 1.0, "avg_reactions_per_1k": 0.5945945945945946, "avg_comments_per_1k": 0.0, "avg_restacks_per_1k": 0.02702702702702703}]}