{"topic": "European Union", "generated_at": "2025-09-14T12:36:23+00:00", "series": [{"month": "2025-09", "post_count": 1, "avg_reactions": 842.0, "avg_comments": 44.0, "avg_restacks": 320.0, "avg_reactions_per_1k": 28.066666666666666, "avg_comments_per_1k": 1.4666666666666666, "avg_restacks_per_1k": 10.666666666666666}]}