{"topic": "exchange rates", "generated_at": "2025-09-14T12:36:23+00:00", "series": [{"month": "2025-06", "post_count": 1, "avg_reactions": 90.0, "avg_comments": 40.0, "avg_restacks": 4.0, "avg_reactions_per_1k": 2.7272727272727275, "avg_comments_per_1k": 1.2121212121212122, "avg_restacks_per_1k": 0.12121212121212122}, {"month": "2025-07", "post_count": 1, "avg_reactions": 85.0, "avg_comments": 11.0, "avg_restacks": 6.0, "avg_reactions_per_1k": 2.5757575757575757, "avg_comments_per_1k": 0.33333333333333337, "avg_restacks_per_1k": 0.18181818181818182}, {"month": "2025-08", "post_count": 2, "avg_reactions": 96.5, "avg_comments": 20.0, "avg_restacks": 3.5, "avg_reactions_per_1k": 2.9242424242424243, "avg_comments_per_1k": 0.6060606060606061, "avg_restacks_per_1k": 0.10606060606060606}]}