{"topic": "Extras", "generated_at": "2025-09-14T12:36:23+00:00", "series": [{"month": "2023-06", "post_count": 1, "avg_reactions": 10.0, "avg_comments": 0.0, "avg_restacks": 1.0, "avg_reactions_per_1k": 0.2631578947368421, "avg_comments_per_1k": 0.0, "avg_restacks_per_1k": 0.02631578947368421}, {"month": "2024-04", "post_count": 4, "avg_reactions": 17.25, "avg_comments": 3.0, "avg_restacks": 2.5, "avg_reactions_per_1k": 0.4539473684210526, "avg_comments_per_1k": 0.07894736842105263, "avg_restacks_per_1k": 0.06578947368421052}, {"month": "2024-07", "post_count": 1, "avg_reactions": 22.0, "avg_comments": 2.0, "avg_restacks": 2.0, "avg_reactions_per_1k": 0.5789473684210527, "avg_comments_per_1k": 0.05263157894736842, "avg_restacks_per_1k": 0.05263157894736842}]}