{"topic": "F&G Annuities and Life", "generated_at": "2025-09-14T12:36:23+00:00", "series": [{"month": "2025-04", "post_count": 1, "avg_reactions": 5.0, "avg_comments": 7.0, "avg_restacks": 3.0, "avg_reactions_per_1k": 10.245901639344261, "avg_comments_per_1k": 14.344262295081966, "avg_restacks_per_1k": 6.147540983606557}, {"month": "2025-05", "post_count": 1, "avg_reactions": 8.0, "avg_comments": 11.0, "avg_restacks": 3.0, "avg_reactions_per_1k": 16.39344262295082, "avg_comments_per_1k": 22.540983606557376, "avg_restacks_per_1k": 6.147540983606557}, {"month": "2025-06", "post_count": 1, "avg_reactions": 9.0, "avg_comments": 4.0, "avg_restacks": 2.0, "avg_reactions_per_1k": 18.442622950819672, "avg_comments_per_1k": 8.19672131147541, "avg_restacks_per_1k": 4.098360655737705}]}