{"topic": "Fantasy Baseball", "generated_at": "2025-09-14T12:36:23+00:00", "series": [{"month": "2025-07", "post_count": 11, "avg_reactions": 1.3636363636363635, "avg_comments": 2.909090909090909, "avg_restacks": 0.0, "avg_reactions_per_1k": 1.7848643503093766, "avg_comments_per_1k": 3.8077106139933363, "avg_restacks_per_1k": 0.0}, {"month": "2025-08", "post_count": 12, "avg_reactions": 1.8333333333333333, "avg_comments": 1.0833333333333333, "avg_restacks": 0.0, "avg_reactions_per_1k": 2.399650959860384, "avg_comments_per_1k": 1.4179755671902268, "avg_restacks_per_1k": 0.0}, {"month": "2025-09", "post_count": 6, "avg_reactions": 3.6666666666666665, "avg_comments": 1.6666666666666667, "avg_restacks": 0.0, "avg_reactions_per_1k": 4.799301919720768, "avg_comments_per_1k": 2.181500872600349, "avg_restacks_per_1k": 0.0}]}