{"topic": "FBI", "generated_at": "2025-09-14T12:36:23+00:00", "series": [{"month": "2025-07", "post_count": 1, "avg_reactions": 150.0, "avg_comments": 10.0, "avg_restacks": 21.0, "avg_reactions_per_1k": 0.7853403141361257, "avg_comments_per_1k": 0.05235602094240838, "avg_restacks_per_1k": 0.1099476439790576}, {"month": "2025-08", "post_count": 2, "avg_reactions": 63.5, "avg_comments": 4.5, "avg_restacks": 7.5, "avg_reactions_per_1k": 1.007936507936508, "avg_comments_per_1k": 0.07142857142857142, "avg_restacks_per_1k": 0.11904761904761904}]}