{"topic": "Femininity", "generated_at": "2025-09-14T12:36:23+00:00", "series": [{"month": "2025-08", "post_count": 2, "avg_reactions": 240.5, "avg_comments": 75.5, "avg_restacks": 75.5, "avg_reactions_per_1k": 14.510278113663846, "avg_comments_per_1k": 4.836759371221282, "avg_restacks_per_1k": 1.2091898428053205}]}