{"topic": "Fertility", "generated_at": "2025-09-14T12:36:23+00:00", "series": [{"month": "2025-07", "post_count": 1, "avg_reactions": 81.0, "avg_comments": 60.0, "avg_restacks": 8.0, "avg_reactions_per_1k": 0.7232142857142857, "avg_comments_per_1k": 0.5357142857142857, "avg_restacks_per_1k": 0.07142857142857142}, {"month": "2025-08", "post_count": 1, "avg_reactions": 74.0, "avg_comments": 24.0, "avg_restacks": 4.0, "avg_reactions_per_1k": 0.6607142857142857, "avg_comments_per_1k": 0.21428571428571427, "avg_restacks_per_1k": 0.03571428571428571}]}