{"topic": "Fine Dining", "generated_at": "2025-09-14T12:36:23+00:00", "series": [{"month": "2025-04", "post_count": 1, "avg_reactions": 18.0, "avg_comments": 2.0, "avg_restacks": 0.0, "avg_reactions_per_1k": 2.3684210526315788, "avg_comments_per_1k": 0.2631578947368421, "avg_restacks_per_1k": 0.0}, {"month": "2025-08", "post_count": 2, "avg_reactions": 17.0, "avg_comments": 7.0, "avg_restacks": 1.5, "avg_reactions_per_1k": 1.4666666666666666, "avg_comments_per_1k": 0.9333333333333333, "avg_restacks_per_1k": 0.2}, {"month": "2025-09", "post_count": 2, "avg_reactions": 16.5, "avg_comments": 9.0, "avg_restacks": 0.5, "avg_reactions_per_1k": 1.9289855072463769, "avg_comments_per_1k": 1.1275362318840578, "avg_restacks_per_1k": 0.03333333333333333}]}