{"topic": "Food journalism", "generated_at": "2025-09-14T12:36:23+00:00", "series": [{"month": "2025-05", "post_count": 1, "avg_reactions": 698.0, "avg_comments": 68.0, "avg_restacks": 12.0, "avg_reactions_per_1k": 1.9773371104815864, "avg_comments_per_1k": 0.1926345609065156, "avg_restacks_per_1k": 0.0339943342776204}, {"month": "2025-06", "post_count": 2, "avg_reactions": 113.0, "avg_comments": 29.5, "avg_restacks": 2.5, "avg_reactions_per_1k": 2.4960965808024245, "avg_comments_per_1k": 0.08356940509915015, "avg_restacks_per_1k": 0.007082152974504249}, {"month": "2025-07", "post_count": 9, "avg_reactions": 42.55555555555556, "avg_comments": 16.444444444444443, "avg_restacks": 1.5555555555555556, "avg_reactions_per_1k": 0.7053824362606232, "avg_comments_per_1k": 0.3229461756373938, "avg_restacks_per_1k": 0.0169971671388102}, {"month": "2025-08", "post_count": 6, "avg_reactions": 192.66666666666666, "avg_comments": 21.833333333333332, "avg_restacks": 4.333333333333333, "avg_reactions_per_1k": 3.570944945868195, "avg_comments_per_1k": 0.3284230406043437, "avg_restacks_per_1k": 0.5949930825482574}]}