{"topic": "football history", "generated_at": "2025-09-14T12:36:23+00:00", "series": [{"month": "2025-06", "post_count": 2, "avg_reactions": 19.5, "avg_comments": 3.0, "avg_restacks": 4.0, "avg_reactions_per_1k": 4.239130434782608, "avg_comments_per_1k": 0.6521739130434783, "avg_restacks_per_1k": 0.8695652173913043}, {"month": "2025-07", "post_count": 6, "avg_reactions": 22.166666666666668, "avg_comments": 0.3333333333333333, "avg_restacks": 3.0, "avg_reactions_per_1k": 4.818840579710145, "avg_comments_per_1k": 0.07246376811594203, "avg_restacks_per_1k": 0.6521739130434783}, {"month": "2025-08", "post_count": 12, "avg_reactions": 18.666666666666668, "avg_comments": 0.3333333333333333, "avg_restacks": 3.25, "avg_reactions_per_1k": 4.057971014492754, "avg_comments_per_1k": 0.07246376811594203, "avg_restacks_per_1k": 0.7065217391304347}, {"month": "2025-09", "post_count": 6, "avg_reactions": 18.0, "avg_comments": 0.6666666666666666, "avg_restacks": 2.5, "avg_reactions_per_1k": 3.9130434782608696, "avg_comments_per_1k": 0.14492753623188406, "avg_restacks_per_1k": 0.5434782608695652}]}