{"topic": "Full Moon", "generated_at": "2025-09-14T12:36:23+00:00", "series": [{"month": "2025-06", "post_count": 3, "avg_reactions": 39.333333333333336, "avg_comments": 26.0, "avg_restacks": 3.3333333333333335, "avg_reactions_per_1k": 2.070175438596491, "avg_comments_per_1k": 1.3684210526315788, "avg_restacks_per_1k": 0.17543859649122806}, {"month": "2025-07", "post_count": 4, "avg_reactions": 32.0, "avg_comments": 12.75, "avg_restacks": 2.0, "avg_reactions_per_1k": 1.6842105263157894, "avg_comments_per_1k": 0.6710526315789473, "avg_restacks_per_1k": 0.10526315789473684}, {"month": "2025-08", "post_count": 4, "avg_reactions": 24.75, "avg_comments": 15.25, "avg_restacks": 1.75, "avg_reactions_per_1k": 1.3026315789473684, "avg_comments_per_1k": 0.8026315789473684, "avg_restacks_per_1k": 0.09210526315789473}, {"month": "2025-09", "post_count": 1, "avg_reactions": 25.0, "avg_comments": 15.0, "avg_restacks": 0.0, "avg_reactions_per_1k": 1.3157894736842104, "avg_comments_per_1k": 0.7894736842105263, "avg_restacks_per_1k": 0.0}]}