{"topic": "Gadgets", "generated_at": "2025-09-14T12:36:23+00:00", "series": [{"month": "2024-04", "post_count": 1, "avg_reactions": 53.0, "avg_comments": 6.0, "avg_restacks": 4.0, "avg_reactions_per_1k": 0.5096153846153847, "avg_comments_per_1k": 0.057692307692307696, "avg_restacks_per_1k": 0.038461538461538464}]}