{"topic": "Gavin Haynes", "generated_at": "2025-09-14T12:36:23+00:00", "series": [{"month": "2025-07", "post_count": 1, "avg_reactions": 8.0, "avg_comments": 0.0, "avg_restacks": 1.0, "avg_reactions_per_1k": 0.38095238095238093, "avg_comments_per_1k": 0.0, "avg_restacks_per_1k": 0.047619047619047616}]}