{"topic": "Gemini", "generated_at": "2025-09-14T12:36:23+00:00", "series": [{"month": "2025-06", "post_count": 1, "avg_reactions": 3.0, "avg_comments": 0.0, "avg_restacks": 0.0, "avg_reactions_per_1k": 0.15789473684210525, "avg_comments_per_1k": 0.0, "avg_restacks_per_1k": 0.0}, {"month": "2025-07", "post_count": 1, "avg_reactions": 2.0, "avg_comments": 0.0, "avg_restacks": 0.0, "avg_reactions_per_1k": 1.1111111111111112, "avg_comments_per_1k": 0.0, "avg_restacks_per_1k": 0.0}, {"month": "2025-08", "post_count": 2, "avg_reactions": 62.0, "avg_comments": 1.0, "avg_restacks": 4.0, "avg_reactions_per_1k": 3.6410256410256414, "avg_comments_per_1k": 0.005494505494505495, "avg_restacks_per_1k": 0.297008547008547}, {"month": "2025-09", "post_count": 2, "avg_reactions": 34.0, "avg_comments": 12.0, "avg_restacks": 6.0, "avg_reactions_per_1k": 0.29493087557603687, "avg_comments_per_1k": 0.10138248847926268, "avg_restacks_per_1k": 0.05529953917050691}]}