{"topic": "Generosity", "generated_at": "2025-09-14T12:36:23+00:00", "series": [{"month": "2025-03", "post_count": 6, "avg_reactions": 5.5, "avg_comments": 3.3333333333333335, "avg_restacks": 0.3333333333333333, "avg_reactions_per_1k": 33.13253012048193, "avg_comments_per_1k": 20.080321285140563, "avg_restacks_per_1k": 2.0080321285140563}, {"month": "2025-04", "post_count": 6, "avg_reactions": 5.333333333333333, "avg_comments": 3.0, "avg_restacks": 0.5, "avg_reactions_per_1k": 32.1285140562249, "avg_comments_per_1k": 18.072289156626507, "avg_restacks_per_1k": 3.0120481927710845}, {"month": "2025-05", "post_count": 6, "avg_reactions": 3.6666666666666665, "avg_comments": 1.8333333333333333, "avg_restacks": 0.3333333333333333, "avg_reactions_per_1k": 22.08835341365462, "avg_comments_per_1k": 11.04417670682731, "avg_restacks_per_1k": 2.0080321285140563}, {"month": "2025-06", "post_count": 1, "avg_reactions": 2.0, "avg_comments": 2.0, "avg_restacks": 0.0, "avg_reactions_per_1k": 12.048192771084338, "avg_comments_per_1k": 12.048192771084338, "avg_restacks_per_1k": 0.0}]}