{"topic": "Genocide", "generated_at": "2025-09-14T12:36:23+00:00", "series": [{"month": "2025-08", "post_count": 2, "avg_reactions": 307.0, "avg_comments": 14.5, "avg_restacks": 56.0, "avg_reactions_per_1k": 1.2383658008658007, "avg_comments_per_1k": 0.03896103896103896, "avg_restacks_per_1k": 0.2121212121212121}, {"month": "2025-09", "post_count": 2, "avg_reactions": 354.5, "avg_comments": 65.0, "avg_restacks": 77.0, "avg_reactions_per_1k": 0.7673160173160174, "avg_comments_per_1k": 0.1406926406926407, "avg_restacks_per_1k": 0.16666666666666669}]}