{"topic": "Geography", "generated_at": "2025-09-14T12:36:23+00:00", "series": [{"month": "2023-08", "post_count": 1, "avg_reactions": 8.0, "avg_comments": 3.0, "avg_restacks": 1.0, "avg_reactions_per_1k": 1.5384615384615385, "avg_comments_per_1k": 0.576923076923077, "avg_restacks_per_1k": 0.19230769230769232}, {"month": "2025-08", "post_count": 1, "avg_reactions": 29.0, "avg_comments": 68.0, "avg_restacks": 4.0, "avg_reactions_per_1k": 2.9000000000000004, "avg_comments_per_1k": 6.800000000000001, "avg_restacks_per_1k": 0.4}]}