{"topic": "German Cuisine", "generated_at": "2025-09-14T12:36:23+00:00", "series": [{"month": "2025-05", "post_count": 1, "avg_reactions": 12.0, "avg_comments": 7.0, "avg_restacks": 0.0, "avg_reactions_per_1k": 1.3043478260869565, "avg_comments_per_1k": 0.7608695652173912, "avg_restacks_per_1k": 0.0}]}