{"topic": "Gift Guide", "generated_at": "2025-09-14T12:36:23+00:00", "series": [{"month": "2024-06", "post_count": 1, "avg_reactions": 1.0, "avg_comments": 0.0, "avg_restacks": 0.0, "avg_reactions_per_1k": 0.21739130434782608, "avg_comments_per_1k": 0.0, "avg_restacks_per_1k": 0.0}, {"month": "2024-12", "post_count": 1, "avg_reactions": 123.0, "avg_comments": 20.0, "avg_restacks": 3.0, "avg_reactions_per_1k": 3.7272727272727275, "avg_comments_per_1k": 0.6060606060606061, "avg_restacks_per_1k": 0.09090909090909091}]}