{"topic": "Google Antitrust Case", "generated_at": "2025-09-14T12:36:23+00:00", "series": [{"month": "2025-09", "post_count": 3, "avg_reactions": 67.0, "avg_comments": 8.666666666666666, "avg_restacks": 8.333333333333334, "avg_reactions_per_1k": 1.645974518839794, "avg_comments_per_1k": 0.33947772657450076, "avg_restacks_per_1k": 0.3104397184093579}]}