{"topic": "Google NotebookLM", "generated_at": "2025-09-14T12:36:23+00:00", "series": [{"month": "2025-09", "post_count": 1, "avg_reactions": 64.0, "avg_comments": 22.0, "avg_restacks": 12.0, "avg_reactions_per_1k": 0.29493087557603687, "avg_comments_per_1k": 0.10138248847926268, "avg_restacks_per_1k": 0.05529953917050691}]}