{"topic": "Government Spending", "generated_at": "2025-09-14T12:36:23+00:00", "series": [{"month": "2024-09", "post_count": 1, "avg_reactions": 130.0, "avg_comments": 38.0, "avg_restacks": 18.0, "avg_reactions_per_1k": 9.285714285714285, "avg_comments_per_1k": 2.714285714285714, "avg_restacks_per_1k": 1.2857142857142856}]}