{"topic": "GPT-5", "generated_at": "2025-09-14T12:36:23+00:00", "series": [{"month": "2025-08", "post_count": 6, "avg_reactions": 57.5, "avg_comments": 13.833333333333334, "avg_restacks": 9.0, "avg_reactions_per_1k": 1.433179723502304, "avg_comments_per_1k": 0.16804915514592933, "avg_restacks_per_1k": 0.1422427035330261}]}