{"topic": "Grapes", "generated_at": "2025-09-14T12:36:23+00:00", "series": [{"month": "2025-02", "post_count": 1, "avg_reactions": 5.0, "avg_comments": 0.0, "avg_restacks": 2.0, "avg_reactions_per_1k": 1.0869565217391304, "avg_comments_per_1k": 0.0, "avg_restacks_per_1k": 0.43478260869565216}, {"month": "2025-07", "post_count": 1, "avg_reactions": 6.0, "avg_comments": 0.0, "avg_restacks": 1.0, "avg_reactions_per_1k": 1.3043478260869565, "avg_comments_per_1k": 0.0, "avg_restacks_per_1k": 0.21739130434782608}]}