{"topic": "Greenland", "generated_at": "2025-09-14T12:36:23+00:00", "series": [{"month": "2025-05", "post_count": 1, "avg_reactions": 445.0, "avg_comments": 114.0, "avg_restacks": 74.0, "avg_reactions_per_1k": 5.174418604651163, "avg_comments_per_1k": 1.3255813953488371, "avg_restacks_per_1k": 0.8604651162790697}]}