{"topic": "Greenpoint", "generated_at": "2025-09-14T12:36:23+00:00", "series": [{"month": "2025-02", "post_count": 1, "avg_reactions": 20.0, "avg_comments": 0.0, "avg_restacks": 2.0, "avg_reactions_per_1k": 4.761904761904762, "avg_comments_per_1k": 0.0, "avg_restacks_per_1k": 0.47619047619047616}]}