{"topic": "Growth", "generated_at": "2025-09-14T12:36:23+00:00", "series": [{"month": "2024-07", "post_count": 1, "avg_reactions": 2479.0, "avg_comments": 460.0, "avg_restacks": 286.0, "avg_reactions_per_1k": 17.45774647887324, "avg_comments_per_1k": 3.23943661971831, "avg_restacks_per_1k": 2.0140845070422535}, {"month": "2025-02", "post_count": 1, "avg_reactions": 161.0, "avg_comments": 32.0, "avg_restacks": 19.0, "avg_reactions_per_1k": 0.6625514403292182, "avg_comments_per_1k": 0.13168724279835392, "avg_restacks_per_1k": 0.07818930041152264}, {"month": "2025-08", "post_count": 7, "avg_reactions": 25.285714285714285, "avg_comments": 2.4285714285714284, "avg_restacks": 4.857142857142857, "avg_reactions_per_1k": 0.4957983193277311, "avg_comments_per_1k": 0.04761904761904762, "avg_restacks_per_1k": 0.09523809523809523}, {"month": "2025-09", "post_count": 2, "avg_reactions": 24.0, "avg_comments": 4.0, "avg_restacks": 2.5, "avg_reactions_per_1k": 0.47058823529411764, "avg_comments_per_1k": 0.0784313725490196, "avg_restacks_per_1k": 0.049019607843137254}]}