{"topic": "Grow Your Business", "generated_at": "2025-09-14T12:36:23+00:00", "series": [{"month": "2025-06", "post_count": 3, "avg_reactions": 5.0, "avg_comments": 8.333333333333334, "avg_restacks": 0.0, "avg_reactions_per_1k": 2.1739130434782608, "avg_comments_per_1k": 3.6231884057971016, "avg_restacks_per_1k": 0.0}]}