{"topic": "Hate Speech", "generated_at": "2025-09-14T12:36:23+00:00", "series": [{"month": "2024-05", "post_count": 1, "avg_reactions": 306.0, "avg_comments": 109.0, "avg_restacks": 109.0, "avg_reactions_per_1k": 60.0, "avg_comments_per_1k": 21.372549019607842, "avg_restacks_per_1k": 21.372549019607842}]}