{"topic": "Hercule Poirot", "generated_at": "2025-09-14T12:36:23+00:00", "series": [{"month": "2025-01", "post_count": 1, "avg_reactions": 28.0, "avg_comments": 9.0, "avg_restacks": 2.0, "avg_reactions_per_1k": 0.5490196078431373, "avg_comments_per_1k": 0.1764705882352941, "avg_restacks_per_1k": 0.0392156862745098}]}