{"topic": "Holistic health", "generated_at": "2025-09-14T12:36:23+00:00", "series": [{"month": "2025-03", "post_count": 2, "avg_reactions": 26.5, "avg_comments": 2.0, "avg_restacks": 0.0, "avg_reactions_per_1k": 2.704081632653061, "avg_comments_per_1k": 0.20408163265306123, "avg_restacks_per_1k": 0.0}, {"month": "2025-05", "post_count": 1, "avg_reactions": 70.0, "avg_comments": 0.0, "avg_restacks": 3.0, "avg_reactions_per_1k": 6.363636363636364, "avg_comments_per_1k": 0.0, "avg_restacks_per_1k": 0.2727272727272727}, {"month": "2025-07", "post_count": 1, "avg_reactions": 22.0, "avg_comments": 3.0, "avg_restacks": 0.0, "avg_reactions_per_1k": 2.2448979591836737, "avg_comments_per_1k": 0.30612244897959184, "avg_restacks_per_1k": 0.0}, {"month": "2025-08", "post_count": 2, "avg_reactions": 28.5, "avg_comments": 3.5, "avg_restacks": 1.5, "avg_reactions_per_1k": 2.908163265306123, "avg_comments_per_1k": 0.35714285714285715, "avg_restacks_per_1k": 0.15306122448979592}]}