{"topic": "Hollywood", "generated_at": "2025-09-14T12:36:23+00:00", "series": [{"month": "2023-07", "post_count": 1, "avg_reactions": 28.0, "avg_comments": 19.0, "avg_restacks": 1.0, "avg_reactions_per_1k": 28.0, "avg_comments_per_1k": 19.0, "avg_restacks_per_1k": 1.0}, {"month": "2025-01", "post_count": 1, "avg_reactions": 50.0, "avg_comments": 14.0, "avg_restacks": 5.0, "avg_reactions_per_1k": 0.9803921568627451, "avg_comments_per_1k": 0.27450980392156865, "avg_restacks_per_1k": 0.09803921568627451}, {"month": "2025-08", "post_count": 1, "avg_reactions": 11.0, "avg_comments": 5.0, "avg_restacks": 3.0, "avg_reactions_per_1k": 2.0754716981132075, "avg_comments_per_1k": 0.9433962264150944, "avg_restacks_per_1k": 0.5660377358490567}, {"month": "2025-09", "post_count": 1, "avg_reactions": 6.0, "avg_comments": 4.0, "avg_restacks": 1.0, "avg_reactions_per_1k": 1.1320754716981134, "avg_comments_per_1k": 0.7547169811320755, "avg_restacks_per_1k": 0.18867924528301888}]}