{"topic": "Home & Hosting", "generated_at": "2025-09-14T12:36:23+00:00", "series": [{"month": "2025-07", "post_count": 2, "avg_reactions": 23.5, "avg_comments": 6.0, "avg_restacks": 0.0, "avg_reactions_per_1k": 2.5543478260869565, "avg_comments_per_1k": 0.6521739130434783, "avg_restacks_per_1k": 0.0}, {"month": "2025-08", "post_count": 1, "avg_reactions": 30.0, "avg_comments": 6.0, "avg_restacks": 0.0, "avg_reactions_per_1k": 3.260869565217391, "avg_comments_per_1k": 0.6521739130434783, "avg_restacks_per_1k": 0.0}, {"month": "2025-09", "post_count": 1, "avg_reactions": 17.0, "avg_comments": 9.0, "avg_restacks": 1.0, "avg_reactions_per_1k": 1.8478260869565217, "avg_comments_per_1k": 0.9782608695652174, "avg_restacks_per_1k": 0.10869565217391304}]}