{"topic": "Homesteading", "generated_at": "2025-09-14T12:36:23+00:00", "series": [{"month": "2025-09", "post_count": 1, "avg_reactions": 22.0, "avg_comments": 10.0, "avg_restacks": 3.0, "avg_reactions_per_1k": 0.9565217391304348, "avg_comments_per_1k": 0.43478260869565216, "avg_restacks_per_1k": 0.13043478260869565}]}