{"topic": "Home", "generated_at": "2025-09-14T12:36:23+00:00", "series": [{"month": "2024-11", "post_count": 1, "avg_reactions": 608.0, "avg_comments": 17.0, "avg_restacks": 6.0, "avg_reactions_per_1k": 4.0, "avg_comments_per_1k": 0.11184210526315788, "avg_restacks_per_1k": 0.039473684210526314}, {"month": "2025-02", "post_count": 2, "avg_reactions": 146.0, "avg_comments": 1.0, "avg_restacks": 3.0, "avg_reactions_per_1k": 0.9605263157894737, "avg_comments_per_1k": 0.006578947368421052, "avg_restacks_per_1k": 0.019736842105263157}, {"month": "2025-03", "post_count": 1, "avg_reactions": 37.0, "avg_comments": 15.0, "avg_restacks": 1.0, "avg_reactions_per_1k": 0.0, "avg_comments_per_1k": 0.0, "avg_restacks_per_1k": 0.0}, {"month": "2025-07", "post_count": 1, "avg_reactions": 94.0, "avg_comments": 14.0, "avg_restacks": 2.0, "avg_reactions_per_1k": 0.6184210526315789, "avg_comments_per_1k": 0.09210526315789473, "avg_restacks_per_1k": 0.013157894736842105}]}