{"topic": "Hookup", "generated_at": "2025-09-14T12:36:23+00:00", "series": [{"month": "2025-08", "post_count": 3, "avg_reactions": 46.0, "avg_comments": 10.666666666666666, "avg_restacks": 1.6666666666666667, "avg_reactions_per_1k": 32.85714285714286, "avg_comments_per_1k": 7.6190476190476195, "avg_restacks_per_1k": 1.1904761904761905}]}