{"topic": "Horror Films", "generated_at": "2025-09-14T12:36:23+00:00", "series": [{"month": "2025-01", "post_count": 1, "avg_reactions": 0.0, "avg_comments": 0.0, "avg_restacks": 0.0, "avg_reactions_per_1k": 0.0, "avg_comments_per_1k": 0.0, "avg_restacks_per_1k": 0.0}, {"month": "2025-07", "post_count": 3, "avg_reactions": 5.666666666666667, "avg_comments": 2.3333333333333335, "avg_restacks": 0.3333333333333333, "avg_reactions_per_1k": 0.0, "avg_comments_per_1k": 0.0, "avg_restacks_per_1k": 0.0}, {"month": "2025-08", "post_count": 1, "avg_reactions": 19.0, "avg_comments": 5.0, "avg_restacks": 3.0, "avg_reactions_per_1k": 33.33333333333333, "avg_comments_per_1k": 8.771929824561402, "avg_restacks_per_1k": 5.263157894736842}, {"month": "2025-09", "post_count": 1, "avg_reactions": 38.0, "avg_comments": 4.0, "avg_restacks": 5.0, "avg_reactions_per_1k": 1.6521739130434783, "avg_comments_per_1k": 0.17391304347826086, "avg_restacks_per_1k": 0.21739130434782608}]}