{"topic": "Horror", "generated_at": "2025-09-14T12:36:23+00:00", "series": [{"month": "2024-08", "post_count": 1, "avg_reactions": 178.0, "avg_comments": 65.0, "avg_restacks": 24.0, "avg_reactions_per_1k": 22.820512820512818, "avg_comments_per_1k": 8.333333333333332, "avg_restacks_per_1k": 3.0769230769230766}, {"month": "2025-09", "post_count": 1, "avg_reactions": 11.0, "avg_comments": 7.0, "avg_restacks": 2.0, "avg_reactions_per_1k": 2.0754716981132075, "avg_comments_per_1k": 1.3207547169811322, "avg_restacks_per_1k": 0.37735849056603776}]}