{"topic": "Hosting", "generated_at": "2025-09-14T12:36:23+00:00", "series": [{"month": "2025-06", "post_count": 1, "avg_reactions": 7.0, "avg_comments": 9.0, "avg_restacks": 1.0, "avg_reactions_per_1k": 0.20588235294117646, "avg_comments_per_1k": 0.2647058823529412, "avg_restacks_per_1k": 0.029411764705882353}, {"month": "2025-08", "post_count": 2, "avg_reactions": 13.5, "avg_comments": 1.0, "avg_restacks": 1.0, "avg_reactions_per_1k": 2.734520123839009, "avg_comments_per_1k": 0.2631578947368421, "avg_restacks_per_1k": 0.14628482972136223}]}