{"topic": "Housing Affordability", "generated_at": "2025-09-14T12:36:23+00:00", "series": [{"month": "2024-12", "post_count": 1, "avg_reactions": 49.0, "avg_comments": 38.0, "avg_restacks": 17.0, "avg_reactions_per_1k": 1.0208333333333333, "avg_comments_per_1k": 0.7916666666666666, "avg_restacks_per_1k": 0.35416666666666663}, {"month": "2025-05", "post_count": 1, "avg_reactions": 554.0, "avg_comments": 18.0, "avg_restacks": 59.0, "avg_reactions_per_1k": 42.61538461538462, "avg_comments_per_1k": 1.3846153846153846, "avg_restacks_per_1k": 4.538461538461538}, {"month": "2025-07", "post_count": 1, "avg_reactions": 5.0, "avg_comments": 12.0, "avg_restacks": 1.0, "avg_reactions_per_1k": 0.6329113924050633, "avg_comments_per_1k": 1.518987341772152, "avg_restacks_per_1k": 0.12658227848101267}, {"month": "2025-08", "post_count": 3, "avg_reactions": 4.666666666666667, "avg_comments": 5.0, "avg_restacks": 1.3333333333333333, "avg_reactions_per_1k": 0.8860759493670887, "avg_comments_per_1k": 0.949367088607595, "avg_restacks_per_1k": 0.25316455696202533}]}