{"topic": "Humanitarianism", "generated_at": "2025-09-14T12:36:23+00:00", "series": [{"month": "2025-07", "post_count": 2, "avg_reactions": 67.5, "avg_comments": 186.0, "avg_restacks": 3.0, "avg_reactions_per_1k": 0.46503537735849054, "avg_comments_per_1k": 0.35094339622641507, "avg_restacks_per_1k": 0.035023584905660377}, {"month": "2025-09", "post_count": 1, "avg_reactions": 331.0, "avg_comments": 89.0, "avg_restacks": 64.0, "avg_reactions_per_1k": 0.7164502164502164, "avg_comments_per_1k": 0.19264069264069264, "avg_restacks_per_1k": 0.13852813852813853}]}