{"topic": "Hunting", "generated_at": "2025-09-14T12:36:23+00:00", "series": [{"month": "2025-03", "post_count": 1, "avg_reactions": 42.0, "avg_comments": 12.0, "avg_restacks": 1.0, "avg_reactions_per_1k": 4.565217391304348, "avg_comments_per_1k": 1.3043478260869565, "avg_restacks_per_1k": 0.10869565217391304}, {"month": "2025-07", "post_count": 2, "avg_reactions": 2.0, "avg_comments": 1.5, "avg_restacks": 1.5, "avg_reactions_per_1k": 3.2467532467532467, "avg_comments_per_1k": 2.435064935064935, "avg_restacks_per_1k": 2.435064935064935}]}