{"topic": "Iga Swiatek", "generated_at": "2025-09-14T12:36:23+00:00", "series": [{"month": "2025-08", "post_count": 3, "avg_reactions": 26.333333333333332, "avg_comments": 27.666666666666668, "avg_restacks": 1.6666666666666667, "avg_reactions_per_1k": 3.8164251207729465, "avg_comments_per_1k": 4.009661835748793, "avg_restacks_per_1k": 0.24154589371980675}, {"month": "2025-09", "post_count": 1, "avg_reactions": 19.0, "avg_comments": 4.0, "avg_restacks": 0.0, "avg_reactions_per_1k": 2.7536231884057973, "avg_comments_per_1k": 0.5797101449275363, "avg_restacks_per_1k": 0.0}]}