{"topic": "Imperialism", "generated_at": "2025-09-14T12:36:23+00:00", "series": [{"month": "2025-04", "post_count": 1, "avg_reactions": 186.0, "avg_comments": 132.0, "avg_restacks": 23.0, "avg_reactions_per_1k": 9.789473684210526, "avg_comments_per_1k": 6.947368421052631, "avg_restacks_per_1k": 1.2105263157894737}, {"month": "2025-08", "post_count": 1, "avg_reactions": 205.0, "avg_comments": 150.0, "avg_restacks": 28.0, "avg_reactions_per_1k": 10.789473684210526, "avg_comments_per_1k": 7.894736842105263, "avg_restacks_per_1k": 1.4736842105263157}]}