{"topic": "Ineos Grenadiers", "generated_at": "2025-09-14T12:36:23+00:00", "series": [{"month": "2025-08", "post_count": 3, "avg_reactions": 21.333333333333332, "avg_comments": 7.333333333333333, "avg_restacks": 0.6666666666666666, "avg_reactions_per_1k": 3.2820512820512824, "avg_comments_per_1k": 1.1282051282051284, "avg_restacks_per_1k": 0.10256410256410257}]}