{"topic": "Infants", "generated_at": "2025-09-14T12:36:23+00:00", "series": [{"month": "2023-09", "post_count": 2, "avg_reactions": 28.0, "avg_comments": 10.5, "avg_restacks": 2.5, "avg_reactions_per_1k": 9.333333333333332, "avg_comments_per_1k": 3.5, "avg_restacks_per_1k": 0.8333333333333333}]}