{"topic": "Institutions", "generated_at": "2025-09-14T12:36:23+00:00", "series": [{"month": "2025-03", "post_count": 1, "avg_reactions": 9.0, "avg_comments": 0.0, "avg_restacks": 0.0, "avg_reactions_per_1k": 6.428571428571429, "avg_comments_per_1k": 0.0, "avg_restacks_per_1k": 0.0}, {"month": "2025-04", "post_count": 1, "avg_reactions": 3.0, "avg_comments": 2.0, "avg_restacks": 1.0, "avg_reactions_per_1k": 2.142857142857143, "avg_comments_per_1k": 1.4285714285714286, "avg_restacks_per_1k": 0.7142857142857143}]}