{"topic": "International Politics", "generated_at": "2025-09-14T12:36:23+00:00", "series": [{"month": "2025-06", "post_count": 1, "avg_reactions": 43.0, "avg_comments": 4.0, "avg_restacks": 11.0, "avg_reactions_per_1k": 10.75, "avg_comments_per_1k": 1.0, "avg_restacks_per_1k": 2.75}, {"month": "2025-07", "post_count": 1, "avg_reactions": 3495.0, "avg_comments": 789.0, "avg_restacks": 663.0, "avg_reactions_per_1k": 6.59433962264151, "avg_comments_per_1k": 1.4886792452830189, "avg_restacks_per_1k": 1.2509433962264151}, {"month": "2025-08", "post_count": 9, "avg_reactions": 627.6666666666666, "avg_comments": 151.88888888888889, "avg_restacks": 103.0, "avg_reactions_per_1k": 34.47893081761006, "avg_comments_per_1k": 1.3566037735849055, "avg_restacks_per_1k": 7.04182389937107}, {"month": "2025-09", "post_count": 1, "avg_reactions": 81.0, "avg_comments": 49.0, "avg_restacks": 13.0, "avg_reactions_per_1k": 0.0, "avg_comments_per_1k": 0.0, "avg_restacks_per_1k": 0.0}]}