{"topic": "Interview Announcements", "generated_at": "2025-09-14T12:36:23+00:00", "series": [{"month": "2025-06", "post_count": 1, "avg_reactions": 34.0, "avg_comments": 0.0, "avg_restacks": 0.0, "avg_reactions_per_1k": 0.6181818181818182, "avg_comments_per_1k": 0.0, "avg_restacks_per_1k": 0.0}, {"month": "2025-07", "post_count": 4, "avg_reactions": 10.25, "avg_comments": 0.5, "avg_restacks": 1.25, "avg_reactions_per_1k": 3.189971751412429, "avg_comments_per_1k": 0.3333333333333333, "avg_restacks_per_1k": 0.3365112994350282}, {"month": "2025-08", "post_count": 8, "avg_reactions": 553.5, "avg_comments": 83.0, "avg_restacks": 65.875, "avg_reactions_per_1k": 3.992628205128205, "avg_comments_per_1k": 3.3673076923076923, "avg_restacks_per_1k": 0.3349358974358974}]}