{"topic": "Intelligence", "generated_at": "2025-09-14T12:36:23+00:00", "series": [{"month": "2024-07", "post_count": 1, "avg_reactions": 134.0, "avg_comments": 42.0, "avg_restacks": 25.0, "avg_reactions_per_1k": 9.571428571428571, "avg_comments_per_1k": 3.0, "avg_restacks_per_1k": 1.7857142857142856}, {"month": "2025-06", "post_count": 1, "avg_reactions": 13.0, "avg_comments": 0.0, "avg_restacks": 3.0, "avg_reactions_per_1k": 1.8309859154929577, "avg_comments_per_1k": 0.0, "avg_restacks_per_1k": 0.4225352112676056}]}