{"topic": "Intellectual Property", "generated_at": "2025-09-14T12:36:23+00:00", "series": [{"month": "2025-05", "post_count": 1, "avg_reactions": 16.0, "avg_comments": 3.0, "avg_restacks": 2.0, "avg_reactions_per_1k": 0.34782608695652173, "avg_comments_per_1k": 0.06521739130434782, "avg_restacks_per_1k": 0.043478260869565216}, {"month": "2025-07", "post_count": 4, "avg_reactions": 19.5, "avg_comments": 3.0, "avg_restacks": 1.5, "avg_reactions_per_1k": 2.5141963358288106, "avg_comments_per_1k": 3.2446001303416816, "avg_restacks_per_1k": 0.02994458653026428}, {"month": "2025-08", "post_count": 6, "avg_reactions": 5.333333333333333, "avg_comments": 0.8333333333333334, "avg_restacks": 0.5, "avg_reactions_per_1k": 4.708383763150545, "avg_comments_per_1k": 1.0779101883747635, "avg_restacks_per_1k": 0.36413431399931734}, {"month": "2025-09", "post_count": 1, "avg_reactions": 2.0, "avg_comments": 2.0, "avg_restacks": 0.0, "avg_reactions_per_1k": 4.282655246252677, "avg_comments_per_1k": 4.282655246252677, "avg_restacks_per_1k": 0.0}]}