{"topic": "Interest Rates", "generated_at": "2025-09-14T12:36:23+00:00", "series": [{"month": "2024-04", "post_count": 1, "avg_reactions": 32.0, "avg_comments": 4.0, "avg_restacks": 4.0, "avg_reactions_per_1k": 2.2857142857142856, "avg_comments_per_1k": 0.2857142857142857, "avg_restacks_per_1k": 0.2857142857142857}, {"month": "2024-06", "post_count": 1, "avg_reactions": 27.0, "avg_comments": 23.0, "avg_restacks": 4.0, "avg_reactions_per_1k": 1.9285714285714284, "avg_comments_per_1k": 1.6428571428571428, "avg_restacks_per_1k": 0.2857142857142857}, {"month": "2025-01", "post_count": 1, "avg_reactions": 37.0, "avg_comments": 0.0, "avg_restacks": 4.0, "avg_reactions_per_1k": 0.7708333333333333, "avg_comments_per_1k": 0.0, "avg_restacks_per_1k": 0.08333333333333333}, {"month": "2025-03", "post_count": 1, "avg_reactions": 6.0, "avg_comments": 2.0, "avg_restacks": 0.0, "avg_reactions_per_1k": 3.75, "avg_comments_per_1k": 1.25, "avg_restacks_per_1k": 0.0}]}