{"topic": "Investigative Journalism", "generated_at": "2025-09-14T12:36:23+00:00", "series": [{"month": "2022-02", "post_count": 1, "avg_reactions": 181.0, "avg_comments": 62.0, "avg_restacks": 0.0, "avg_reactions_per_1k": 3.693877551020408, "avg_comments_per_1k": 1.2653061224489794, "avg_restacks_per_1k": 0.0}, {"month": "2025-08", "post_count": 4, "avg_reactions": 184.75, "avg_comments": 22.5, "avg_restacks": 44.25, "avg_reactions_per_1k": 4.237065309584393, "avg_comments_per_1k": 0.9955470737913485, "avg_restacks_per_1k": 0.5025445292620865}, {"month": "2025-09", "post_count": 4, "avg_reactions": 420.25, "avg_comments": 54.0, "avg_restacks": 49.25, "avg_reactions_per_1k": 6.871985711489528, "avg_comments_per_1k": 2.542664905069485, "avg_restacks_per_1k": 0.5584556664709336}]}