{"topic": "Israel-Gaza", "generated_at": "2025-09-14T12:36:23+00:00", "series": [{"month": "2025-07", "post_count": 3, "avg_reactions": 111.0, "avg_comments": 4.0, "avg_restacks": 12.0, "avg_reactions_per_1k": 0.581151832460733, "avg_comments_per_1k": 0.02094240837696335, "avg_restacks_per_1k": 0.06282722513089005}]}