{"topic": "Italian", "generated_at": "2025-09-14T12:36:23+00:00", "series": [{"month": "2025-02", "post_count": 4, "avg_reactions": 26.0, "avg_comments": 6.25, "avg_restacks": 0.75, "avg_reactions_per_1k": 0.6261435105774729, "avg_comments_per_1k": 0.16852487135506003, "avg_restacks_per_1k": 0.017510005717552887}, {"month": "2025-03", "post_count": 2, "avg_reactions": 35.5, "avg_comments": 9.0, "avg_restacks": 4.0, "avg_reactions_per_1k": 1.0757575757575757, "avg_comments_per_1k": 0.2727272727272727, "avg_restacks_per_1k": 0.12121212121212122}, {"month": "2025-04", "post_count": 4, "avg_reactions": 44.75, "avg_comments": 16.5, "avg_restacks": 3.0, "avg_reactions_per_1k": 1.3560606060606062, "avg_comments_per_1k": 0.5, "avg_restacks_per_1k": 0.09090909090909091}, {"month": "2025-05", "post_count": 4, "avg_reactions": 25.75, "avg_comments": 6.5, "avg_restacks": 1.75, "avg_reactions_per_1k": 0.7803030303030303, "avg_comments_per_1k": 0.19696969696969696, "avg_restacks_per_1k": 0.05303030303030303}]}