{"topic": "Jannik Sinner", "generated_at": "2025-09-14T12:36:23+00:00", "series": [{"month": "2025-08", "post_count": 3, "avg_reactions": 26.0, "avg_comments": 21.0, "avg_restacks": 2.0, "avg_reactions_per_1k": 3.768115942028986, "avg_comments_per_1k": 3.043478260869565, "avg_restacks_per_1k": 0.2898550724637681}, {"month": "2025-09", "post_count": 3, "avg_reactions": 20.666666666666668, "avg_comments": 13.333333333333334, "avg_restacks": 1.6666666666666667, "avg_reactions_per_1k": 2.9951690821256043, "avg_comments_per_1k": 1.932367149758454, "avg_restacks_per_1k": 0.24154589371980675}]}