{"topic": "Japanese Cuisine", "generated_at": "2025-09-14T12:36:23+00:00", "series": [{"month": "2025-03", "post_count": 2, "avg_reactions": 14.0, "avg_comments": 2.5, "avg_restacks": 1.5, "avg_reactions_per_1k": 1.4285714285714284, "avg_comments_per_1k": 0.47619047619047616, "avg_restacks_per_1k": 0.23809523809523808}, {"month": "2025-05", "post_count": 2, "avg_reactions": 12.0, "avg_comments": 1.0, "avg_restacks": 1.5, "avg_reactions_per_1k": 1.2000000000000002, "avg_comments_per_1k": 0.1, "avg_restacks_per_1k": 0.15000000000000002}, {"month": "2025-06", "post_count": 1, "avg_reactions": 21.0, "avg_comments": 0.0, "avg_restacks": 3.0, "avg_reactions_per_1k": 2.1, "avg_comments_per_1k": 0.0, "avg_restacks_per_1k": 0.30000000000000004}, {"month": "2025-07", "post_count": 2, "avg_reactions": 4.5, "avg_comments": 4.0, "avg_restacks": 0.5, "avg_reactions_per_1k": 1.4550453110681194, "avg_comments_per_1k": 0.8695652173913043, "avg_restacks_per_1k": 0.10869565217391304}]}