{"topic": "Jeffrey Epstein", "generated_at": "2025-09-14T12:36:23+00:00", "series": [{"month": "2023-08", "post_count": 1, "avg_reactions": 0.0, "avg_comments": 0.0, "avg_restacks": 0.0, "avg_reactions_per_1k": 0.0, "avg_comments_per_1k": 0.0, "avg_restacks_per_1k": 0.0}, {"month": "2025-08", "post_count": 14, "avg_reactions": 1517.7142857142858, "avg_comments": 289.7857142857143, "avg_restacks": 267.07142857142856, "avg_reactions_per_1k": 4.708428371209027, "avg_comments_per_1k": 0.8278321945998907, "avg_restacks_per_1k": 0.966471207505833}, {"month": "2025-09", "post_count": 31, "avg_reactions": 1342.3225806451612, "avg_comments": 220.93548387096774, "avg_restacks": 276.2903225806452, "avg_reactions_per_1k": 7.849797766519164, "avg_comments_per_1k": 0.7075464281342446, "avg_restacks_per_1k": 1.6252783312850887}]}