{"topic": "Justice", "generated_at": "2025-09-14T12:36:23+00:00", "series": [{"month": "2020-02", "post_count": 1, "avg_reactions": 1.0, "avg_comments": 0.0, "avg_restacks": 0.0, "avg_reactions_per_1k": 55.55555555555556, "avg_comments_per_1k": 0.0, "avg_restacks_per_1k": 0.0}, {"month": "2025-09", "post_count": 6, "avg_reactions": 497.0, "avg_comments": 24.666666666666668, "avg_restacks": 104.66666666666667, "avg_reactions_per_1k": 19.580000000000002, "avg_comments_per_1k": 0.8933333333333333, "avg_restacks_per_1k": 4.046666666666667}]}