{"topic": "Kazakhstan", "generated_at": "2025-09-14T12:36:23+00:00", "series": [{"month": "2025-08", "post_count": 1, "avg_reactions": 11.0, "avg_comments": 11.0, "avg_restacks": 1.0, "avg_reactions_per_1k": 2.291666666666667, "avg_comments_per_1k": 2.291666666666667, "avg_restacks_per_1k": 0.20833333333333334}]}