{"topic": "Kentucky", "generated_at": "2025-09-14T12:36:23+00:00", "series": [{"month": "2025-07", "post_count": 1, "avg_reactions": 16.0, "avg_comments": 26.0, "avg_restacks": 1.0, "avg_reactions_per_1k": 0.3137254901960784, "avg_comments_per_1k": 0.5098039215686274, "avg_restacks_per_1k": 0.0196078431372549}]}