{"topic": "Kindness", "generated_at": "2025-09-14T12:36:23+00:00", "series": [{"month": "2025-03", "post_count": 5, "avg_reactions": 5.8, "avg_comments": 4.0, "avg_restacks": 0.4, "avg_reactions_per_1k": 34.93975903614458, "avg_comments_per_1k": 24.096385542168676, "avg_restacks_per_1k": 2.4096385542168677}, {"month": "2025-04", "post_count": 3, "avg_reactions": 4.666666666666667, "avg_comments": 3.3333333333333335, "avg_restacks": 0.6666666666666666, "avg_reactions_per_1k": 28.112449799196792, "avg_comments_per_1k": 20.080321285140563, "avg_restacks_per_1k": 4.016064257028113}, {"month": "2025-05", "post_count": 5, "avg_reactions": 3.4, "avg_comments": 1.0, "avg_restacks": 0.4, "avg_reactions_per_1k": 20.481927710843372, "avg_comments_per_1k": 6.024096385542169, "avg_restacks_per_1k": 2.4096385542168677}]}