{"topic": "Kitchenware", "generated_at": "2025-09-14T12:36:23+00:00", "series": [{"month": "2025-06", "post_count": 1, "avg_reactions": 58.0, "avg_comments": 19.0, "avg_restacks": 6.0, "avg_reactions_per_1k": 0.8656716417910447, "avg_comments_per_1k": 0.2835820895522388, "avg_restacks_per_1k": 0.08955223880597014}]}