{"topic": "Labor", "generated_at": "2025-09-14T12:36:23+00:00", "series": [{"month": "2025-05", "post_count": 2, "avg_reactions": 140.5, "avg_comments": 28.5, "avg_restacks": 30.5, "avg_reactions_per_1k": 3.6973684210526314, "avg_comments_per_1k": 0.75, "avg_restacks_per_1k": 0.8026315789473684}, {"month": "2025-06", "post_count": 2, "avg_reactions": 76.5, "avg_comments": 20.5, "avg_restacks": 14.5, "avg_reactions_per_1k": 3.9736842105263155, "avg_comments_per_1k": 1.0789473684210527, "avg_restacks_per_1k": 0.763157894736842}, {"month": "2025-08", "post_count": 2, "avg_reactions": 36.5, "avg_comments": 1.0, "avg_restacks": 9.0, "avg_reactions_per_1k": 0.9153846153846155, "avg_comments_per_1k": 0.05, "avg_restacks_per_1k": 0.3653846153846154}, {"month": "2025-09", "post_count": 1, "avg_reactions": 105.0, "avg_comments": 52.0, "avg_restacks": 8.0, "avg_reactions_per_1k": 0.32608695652173914, "avg_comments_per_1k": 0.16149068322981366, "avg_restacks_per_1k": 0.024844720496894408}]}