{"topic": "Land Development", "generated_at": "2025-09-14T12:36:23+00:00", "series": [{"month": "2025-07", "post_count": 3, "avg_reactions": 13.0, "avg_comments": 3.0, "avg_restacks": 1.0, "avg_reactions_per_1k": 3.6110379153857415, "avg_comments_per_1k": 0.36231884057971014, "avg_restacks_per_1k": 0.10144927536231885}, {"month": "2025-08", "post_count": 1, "avg_reactions": 10.0, "avg_comments": 6.0, "avg_restacks": 3.0, "avg_reactions_per_1k": 0.43478260869565216, "avg_comments_per_1k": 0.2608695652173913, "avg_restacks_per_1k": 0.13043478260869565}]}