{"topic": "Latin American Politics", "generated_at": "2025-09-14T12:36:23+00:00", "series": [{"month": "2025-06", "post_count": 1, "avg_reactions": 29.0, "avg_comments": 0.0, "avg_restacks": 1.0, "avg_reactions_per_1k": 0.9354838709677419, "avg_comments_per_1k": 0.0, "avg_restacks_per_1k": 0.03225806451612903}, {"month": "2025-07", "post_count": 1, "avg_reactions": 25.0, "avg_comments": 5.0, "avg_restacks": 1.0, "avg_reactions_per_1k": 5.434782608695652, "avg_comments_per_1k": 1.0869565217391304, "avg_restacks_per_1k": 0.21739130434782608}, {"month": "2025-09", "post_count": 1, "avg_reactions": 30.0, "avg_comments": 2.0, "avg_restacks": 1.0, "avg_reactions_per_1k": 6.521739130434782, "avg_comments_per_1k": 0.43478260869565216, "avg_restacks_per_1k": 0.21739130434782608}]}