{"topic": "Law Schools", "generated_at": "2025-09-14T12:36:23+00:00", "series": [{"month": "2025-01", "post_count": 1, "avg_reactions": 78.0, "avg_comments": 8.0, "avg_restacks": 8.0, "avg_reactions_per_1k": 6.0, "avg_comments_per_1k": 0.6153846153846154, "avg_restacks_per_1k": 0.6153846153846154}, {"month": "2025-07", "post_count": 2, "avg_reactions": 15.0, "avg_comments": 4.0, "avg_restacks": 3.0, "avg_reactions_per_1k": 0.6521739130434783, "avg_comments_per_1k": 0.17391304347826086, "avg_restacks_per_1k": 0.13043478260869565}, {"month": "2025-08", "post_count": 1, "avg_reactions": 26.0, "avg_comments": 18.0, "avg_restacks": 2.0, "avg_reactions_per_1k": 1.1304347826086956, "avg_comments_per_1k": 0.7826086956521738, "avg_restacks_per_1k": 0.08695652173913043}]}