{"topic": "Legal Issues", "generated_at": "2025-09-14T12:36:23+00:00", "series": [{"month": "2025-02", "post_count": 1, "avg_reactions": 65.0, "avg_comments": 18.0, "avg_restacks": 9.0, "avg_reactions_per_1k": 4.0625, "avg_comments_per_1k": 1.125, "avg_restacks_per_1k": 0.5625}, {"month": "2025-06", "post_count": 8, "avg_reactions": 21.25, "avg_comments": 14.75, "avg_restacks": 3.75, "avg_reactions_per_1k": 2.4953649559713815, "avg_comments_per_1k": 1.7542953701155752, "avg_restacks_per_1k": 0.4182761763896533}, {"month": "2025-07", "post_count": 9, "avg_reactions": 7.888888888888889, "avg_comments": 7.888888888888889, "avg_restacks": 1.8888888888888888, "avg_reactions_per_1k": 1.1706809657759025, "avg_comments_per_1k": 1.1073751758087202, "avg_restacks_per_1k": 0.3188877168307548}, {"month": "2025-08", "post_count": 3, "avg_reactions": 7.333333333333333, "avg_comments": 1.6666666666666667, "avg_restacks": 1.0, "avg_reactions_per_1k": 0.4850486149330398, "avg_comments_per_1k": 0.15556778572738947, "avg_restacks_per_1k": 0.09888093927719684}]}