{"topic": "Lions", "generated_at": "2025-09-14T12:36:23+00:00", "series": [{"month": "2025-07", "post_count": 1, "avg_reactions": 20.0, "avg_comments": 9.0, "avg_restacks": 1.0, "avg_reactions_per_1k": 0.425531914893617, "avg_comments_per_1k": 0.19148936170212766, "avg_restacks_per_1k": 0.02127659574468085}]}