{"topic": "Lithium", "generated_at": "2025-09-14T12:36:23+00:00", "series": [{"month": "2025-05", "post_count": 1, "avg_reactions": 23.0, "avg_comments": 7.0, "avg_restacks": 3.0, "avg_reactions_per_1k": 9.583333333333334, "avg_comments_per_1k": 2.916666666666667, "avg_restacks_per_1k": 1.25}]}