{"topic": "Liverpool Football Club", "generated_at": "2025-09-14T12:36:23+00:00", "series": [{"month": "2025-07", "post_count": 1, "avg_reactions": 21.0, "avg_comments": 14.0, "avg_restacks": 2.0, "avg_reactions_per_1k": 10.0, "avg_comments_per_1k": 6.666666666666666, "avg_restacks_per_1k": 0.9523809523809523}, {"month": "2025-08", "post_count": 5, "avg_reactions": 37.4, "avg_comments": 630.8, "avg_restacks": 2.6, "avg_reactions_per_1k": 18.57142857142857, "avg_comments_per_1k": 21.746031746031743, "avg_restacks_per_1k": 1.5873015873015872}, {"month": "2025-09", "post_count": 3, "avg_reactions": 62.666666666666664, "avg_comments": 171.33333333333334, "avg_restacks": 1.0, "avg_reactions_per_1k": 0.0, "avg_comments_per_1k": 0.0, "avg_restacks_per_1k": 0.0}]}