{"topic": "Liverpool", "generated_at": "2025-09-14T12:36:23+00:00", "series": [{"month": "2025-07", "post_count": 10, "avg_reactions": 45.4, "avg_comments": 352.1, "avg_restacks": 2.2, "avg_reactions_per_1k": 3.6507936507936507, "avg_comments_per_1k": 0.0, "avg_restacks_per_1k": 0.7936507936507936}, {"month": "2025-08", "post_count": 18, "avg_reactions": 65.94444444444444, "avg_comments": 498.72222222222223, "avg_restacks": 1.6666666666666667, "avg_reactions_per_1k": 2.380952380952381, "avg_comments_per_1k": 0.0, "avg_restacks_per_1k": 0.47619047619047616}, {"month": "2025-09", "post_count": 6, "avg_reactions": 60.666666666666664, "avg_comments": 240.16666666666666, "avg_restacks": 1.3333333333333333, "avg_reactions_per_1k": 0.0, "avg_comments_per_1k": 0.0, "avg_restacks_per_1k": 0.0}]}