{"topic": "LLM", "generated_at": "2025-09-14T12:36:23+00:00", "series": [{"month": "2025-05", "post_count": 3, "avg_reactions": 11.333333333333334, "avg_comments": 5.333333333333333, "avg_restacks": 8.0, "avg_reactions_per_1k": 0.5964912280701754, "avg_comments_per_1k": 0.2807017543859649, "avg_restacks_per_1k": 0.42105263157894735}, {"month": "2025-06", "post_count": 2, "avg_reactions": 11.5, "avg_comments": 4.0, "avg_restacks": 7.5, "avg_reactions_per_1k": 0.6052631578947368, "avg_comments_per_1k": 0.21052631578947367, "avg_restacks_per_1k": 0.39473684210526316}, {"month": "2025-07", "post_count": 2, "avg_reactions": 15.5, "avg_comments": 7.5, "avg_restacks": 8.5, "avg_reactions_per_1k": 0.8157894736842105, "avg_comments_per_1k": 0.39473684210526316, "avg_restacks_per_1k": 0.4473684210526315}, {"month": "2025-08", "post_count": 2, "avg_reactions": 12.0, "avg_comments": 9.0, "avg_restacks": 9.0, "avg_reactions_per_1k": 0.631578947368421, "avg_comments_per_1k": 0.47368421052631576, "avg_restacks_per_1k": 0.47368421052631576}]}