{"topic": "Love story", "generated_at": "2025-09-14T12:36:23+00:00", "series": [{"month": "2025-07", "post_count": 1, "avg_reactions": 59.0, "avg_comments": 7.0, "avg_restacks": 1.0, "avg_reactions_per_1k": 42.142857142857146, "avg_comments_per_1k": 5.0, "avg_restacks_per_1k": 0.7142857142857143}, {"month": "2025-08", "post_count": 4, "avg_reactions": 70.5, "avg_comments": 10.0, "avg_restacks": 1.75, "avg_reactions_per_1k": 50.35714285714286, "avg_comments_per_1k": 7.142857142857143, "avg_restacks_per_1k": 1.25}, {"month": "2025-09", "post_count": 1, "avg_reactions": 118.0, "avg_comments": 36.0, "avg_restacks": 4.0, "avg_reactions_per_1k": 84.28571428571429, "avg_comments_per_1k": 25.714285714285715, "avg_restacks_per_1k": 2.857142857142857}]}