{"topic": "Love", "generated_at": "2025-09-14T12:36:23+00:00", "series": [{"month": "2025-07", "post_count": 3, "avg_reactions": 139.33333333333334, "avg_comments": 82.66666666666667, "avg_restacks": 2.0, "avg_reactions_per_1k": 0.0, "avg_comments_per_1k": 0.0, "avg_restacks_per_1k": 0.0}, {"month": "2025-08", "post_count": 1, "avg_reactions": 232.0, "avg_comments": 316.0, "avg_restacks": 9.0, "avg_reactions_per_1k": 7.733333333333333, "avg_comments_per_1k": 10.533333333333333, "avg_restacks_per_1k": 0.3}]}