{"topic": "Lughnasadh", "generated_at": "2025-09-14T12:36:23+00:00", "series": [{"month": "2025-07", "post_count": 1, "avg_reactions": 64.0, "avg_comments": 12.0, "avg_restacks": 4.0, "avg_reactions_per_1k": 3.3684210526315788, "avg_comments_per_1k": 0.631578947368421, "avg_restacks_per_1k": 0.21052631578947367}, {"month": "2025-08", "post_count": 4, "avg_reactions": 29.0, "avg_comments": 13.75, "avg_restacks": 2.25, "avg_reactions_per_1k": 1.526315789473684, "avg_comments_per_1k": 0.7236842105263157, "avg_restacks_per_1k": 0.11842105263157894}]}