{"topic": "Luxury", "generated_at": "2025-09-14T12:36:23+00:00", "series": [{"month": "2025-05", "post_count": 1, "avg_reactions": 1.0, "avg_comments": 0.0, "avg_restacks": 0.0, "avg_reactions_per_1k": 0.0, "avg_comments_per_1k": 0.0, "avg_restacks_per_1k": 0.0}, {"month": "2025-06", "post_count": 1, "avg_reactions": 84.0, "avg_comments": 32.0, "avg_restacks": 5.0, "avg_reactions_per_1k": 3.5, "avg_comments_per_1k": 1.3333333333333333, "avg_restacks_per_1k": 0.20833333333333331}, {"month": "2025-07", "post_count": 3, "avg_reactions": 5.0, "avg_comments": 0.0, "avg_restacks": 2.6666666666666665, "avg_reactions_per_1k": 26.443240454076367, "avg_comments_per_1k": 0.0, "avg_restacks_per_1k": 0.0784313725490196}, {"month": "2025-08", "post_count": 3, "avg_reactions": 12.0, "avg_comments": 0.0, "avg_restacks": 0.3333333333333333, "avg_reactions_per_1k": 0.050420168067226885, "avg_comments_per_1k": 0.0, "avg_restacks_per_1k": 0.0014005602240896359}]}