{"topic": "Macro-Economics", "generated_at": "2025-09-14T12:36:23+00:00", "series": [{"month": "2025-09", "post_count": 3, "avg_reactions": 24.333333333333332, "avg_comments": 3.6666666666666665, "avg_restacks": 0.6666666666666666, "avg_reactions_per_1k": 2.2121212121212124, "avg_comments_per_1k": 0.3333333333333333, "avg_restacks_per_1k": 0.06060606060606061}]}