{"topic": "Magic", "generated_at": "2025-09-14T12:36:23+00:00", "series": [{"month": "2025-06", "post_count": 1, "avg_reactions": 14.0, "avg_comments": 4.0, "avg_restacks": 0.0, "avg_reactions_per_1k": 0.7368421052631579, "avg_comments_per_1k": 0.21052631578947367, "avg_restacks_per_1k": 0.0}, {"month": "2025-07", "post_count": 1, "avg_reactions": 13.0, "avg_comments": 6.0, "avg_restacks": 0.0, "avg_reactions_per_1k": 0.6842105263157894, "avg_comments_per_1k": 0.3157894736842105, "avg_restacks_per_1k": 0.0}, {"month": "2025-08", "post_count": 3, "avg_reactions": 24.0, "avg_comments": 12.333333333333334, "avg_restacks": 1.6666666666666667, "avg_reactions_per_1k": 1.2631578947368418, "avg_comments_per_1k": 0.6491228070175438, "avg_restacks_per_1k": 0.08771929824561403}]}