{"topic": "Mains", "generated_at": "2025-09-14T12:36:23+00:00", "series": [{"month": "2025-05", "post_count": 1, "avg_reactions": 31.0, "avg_comments": 4.0, "avg_restacks": 1.0, "avg_reactions_per_1k": 1.4090909090909092, "avg_comments_per_1k": 0.18181818181818182, "avg_restacks_per_1k": 0.045454545454545456}, {"month": "2025-07", "post_count": 1, "avg_reactions": 17.0, "avg_comments": 17.0, "avg_restacks": 1.0, "avg_reactions_per_1k": 0.7727272727272727, "avg_comments_per_1k": 0.7727272727272727, "avg_restacks_per_1k": 0.045454545454545456}]}