{"topic": "MapKit", "generated_at": "2025-09-14T12:36:23+00:00", "series": [{"month": "2025-04", "post_count": 1, "avg_reactions": 16.0, "avg_comments": 0.0, "avg_restacks": 2.0, "avg_reactions_per_1k": 2.6666666666666665, "avg_comments_per_1k": 0.0, "avg_restacks_per_1k": 0.3333333333333333}]}