{"topic": "Martin Luther King", "generated_at": "2025-09-14T12:36:23+00:00", "series": [{"month": "2024-01", "post_count": 1, "avg_reactions": 493.0, "avg_comments": 23.0, "avg_restacks": 48.0, "avg_reactions_per_1k": 20.541666666666664, "avg_comments_per_1k": 0.9583333333333333, "avg_restacks_per_1k": 2.0}]}