{"topic": "Marvel Studios", "generated_at": "2025-09-14T12:36:23+00:00", "series": [{"month": "2025-08", "post_count": 3, "avg_reactions": 11.333333333333334, "avg_comments": 5.0, "avg_restacks": 1.0, "avg_reactions_per_1k": 2.1383647798742142, "avg_comments_per_1k": 0.9433962264150942, "avg_restacks_per_1k": 0.1886792452830189}]}