{"topic": "Mass Shooting", "generated_at": "2025-09-14T12:36:23+00:00", "series": [{"month": "2025-08", "post_count": 2, "avg_reactions": 876.5, "avg_comments": 307.0, "avg_restacks": 169.0, "avg_reactions_per_1k": 8.577413479052824, "avg_comments_per_1k": 2.553734061930783, "avg_restacks_per_1k": 0.6402550091074681}]}