{"topic": "meal plan", "generated_at": "2025-09-14T12:36:23+00:00", "series": [{"month": "2025-07", "post_count": 2, "avg_reactions": 10.5, "avg_comments": 5.5, "avg_restacks": 1.5, "avg_reactions_per_1k": 0.9545454545454546, "avg_comments_per_1k": 0.5, "avg_restacks_per_1k": 0.13636363636363635}, {"month": "2025-08", "post_count": 4, "avg_reactions": 11.5, "avg_comments": 5.25, "avg_restacks": 1.0, "avg_reactions_per_1k": 1.0454545454545454, "avg_comments_per_1k": 0.4772727272727273, "avg_restacks_per_1k": 0.09090909090909091}]}