{"topic": "Meal Plans", "generated_at": "2025-09-14T12:36:23+00:00", "series": [{"month": "2025-04", "post_count": 1, "avg_reactions": 15.0, "avg_comments": 2.0, "avg_restacks": 1.0, "avg_reactions_per_1k": 0.10273972602739725, "avg_comments_per_1k": 0.0136986301369863, "avg_restacks_per_1k": 0.00684931506849315}, {"month": "2025-05", "post_count": 5, "avg_reactions": 18.0, "avg_comments": 4.4, "avg_restacks": 0.4, "avg_reactions_per_1k": 0.12328767123287672, "avg_comments_per_1k": 0.03013698630136986, "avg_restacks_per_1k": 0.0027397260273972603}, {"month": "2025-06", "post_count": 4, "avg_reactions": 19.25, "avg_comments": 2.5, "avg_restacks": 0.5, "avg_reactions_per_1k": 0.13184931506849312, "avg_comments_per_1k": 0.017123287671232876, "avg_restacks_per_1k": 0.003424657534246575}, {"month": "2025-07", "post_count": 3, "avg_reactions": 18.0, "avg_comments": 1.6666666666666667, "avg_restacks": 0.3333333333333333, "avg_reactions_per_1k": 0.1232876712328767, "avg_comments_per_1k": 0.01141552511415525, "avg_restacks_per_1k": 0.00228310502283105}]}