{"topic": "Meal Planning", "generated_at": "2025-09-14T12:36:23+00:00", "series": [{"month": "2025-07", "post_count": 7, "avg_reactions": 24.428571428571427, "avg_comments": 3.4285714285714284, "avg_restacks": 1.4285714285714286, "avg_reactions_per_1k": 2.676470588235294, "avg_comments_per_1k": 0.4117647058823529, "avg_restacks_per_1k": 0.1764705882352941}, {"month": "2025-08", "post_count": 14, "avg_reactions": 78.5, "avg_comments": 2.7857142857142856, "avg_restacks": 4.928571428571429, "avg_reactions_per_1k": 11.029219549549135, "avg_comments_per_1k": 0.7881181318681318, "avg_restacks_per_1k": 0.9682386929022757}, {"month": "2025-09", "post_count": 3, "avg_reactions": 22.666666666666668, "avg_comments": 2.0, "avg_restacks": 1.3333333333333333, "avg_reactions_per_1k": 1.3001508295625943, "avg_comments_per_1k": 0.10633484162895927, "avg_restacks_per_1k": 0.315018315018315}]}