{"topic": "Meditation", "generated_at": "2025-09-14T12:36:23+00:00", "series": [{"month": "2025-08", "post_count": 9, "avg_reactions": 40.77777777777778, "avg_comments": 9.555555555555555, "avg_restacks": 3.111111111111111, "avg_reactions_per_1k": 11.65079365079365, "avg_comments_per_1k": 2.73015873015873, "avg_restacks_per_1k": 0.8888888888888888}, {"month": "2025-09", "post_count": 3, "avg_reactions": 16.666666666666668, "avg_comments": 4.666666666666667, "avg_restacks": 2.0, "avg_reactions_per_1k": 4.761904761904762, "avg_comments_per_1k": 1.3333333333333333, "avg_restacks_per_1k": 0.5714285714285714}]}