{"topic": "Membership", "generated_at": "2025-09-14T12:36:23+00:00", "series": [{"month": "2025-07", "post_count": 2, "avg_reactions": 26.5, "avg_comments": 11.0, "avg_restacks": 4.0, "avg_reactions_per_1k": 4.907407407407407, "avg_comments_per_1k": 2.037037037037037, "avg_restacks_per_1k": 0.7407407407407407}, {"month": "2025-08", "post_count": 1, "avg_reactions": 3.0, "avg_comments": 9.0, "avg_restacks": 0.0, "avg_reactions_per_1k": 0.2727272727272727, "avg_comments_per_1k": 0.8181818181818182, "avg_restacks_per_1k": 0.0}]}