{"topic": "Memorial Day", "generated_at": "2025-09-14T12:36:23+00:00", "series": [{"month": "2025-05", "post_count": 2, "avg_reactions": 43.0, "avg_comments": 23.0, "avg_restacks": 6.0, "avg_reactions_per_1k": 3.6640070921985815, "avg_comments_per_1k": 1.9166666666666665, "avg_restacks_per_1k": 0.5}]}