{"topic": "Men's Basketball", "generated_at": "2025-09-14T12:36:23+00:00", "series": [{"month": "2025-08", "post_count": 1, "avg_reactions": 10.0, "avg_comments": 2.0, "avg_restacks": 1.0, "avg_reactions_per_1k": 7.6923076923076925, "avg_comments_per_1k": 1.5384615384615385, "avg_restacks_per_1k": 0.7692307692307693}]}