{"topic": "Meta", "generated_at": "2025-09-14T12:36:23+00:00", "series": [{"month": "2025-07", "post_count": 2, "avg_reactions": 27.5, "avg_comments": 5.0, "avg_restacks": 3.5, "avg_reactions_per_1k": 0.2119815668202765, "avg_comments_per_1k": 0.04608294930875576, "avg_restacks_per_1k": 0.027649769585253454}, {"month": "2025-08", "post_count": 1, "avg_reactions": 149.0, "avg_comments": 5.0, "avg_restacks": 4.0, "avg_reactions_per_1k": 0.149, "avg_comments_per_1k": 0.005, "avg_restacks_per_1k": 0.004}, {"month": "2025-09", "post_count": 1, "avg_reactions": 5.0, "avg_comments": 0.0, "avg_restacks": 5.0, "avg_reactions_per_1k": 0.7142857142857142, "avg_comments_per_1k": 0.0, "avg_restacks_per_1k": 0.7142857142857142}]}