{"topic": "Miami", "generated_at": "2025-09-14T12:36:23+00:00", "series": [{"month": "2021-01", "post_count": 1, "avg_reactions": 14.0, "avg_comments": 0.0, "avg_restacks": 0.0, "avg_reactions_per_1k": 7.368421052631579, "avg_comments_per_1k": 0.0, "avg_restacks_per_1k": 0.0}, {"month": "2023-09", "post_count": 1, "avg_reactions": 46.0, "avg_comments": 30.0, "avg_restacks": 11.0, "avg_reactions_per_1k": 24.210526315789473, "avg_comments_per_1k": 15.789473684210526, "avg_restacks_per_1k": 5.789473684210526}]}