{"topic": "Midlife", "generated_at": "2025-09-14T12:36:23+00:00", "series": [{"month": "2025-08", "post_count": 1, "avg_reactions": 15.0, "avg_comments": 2.0, "avg_restacks": 2.0, "avg_reactions_per_1k": 0.7894736842105263, "avg_comments_per_1k": 0.10526315789473684, "avg_restacks_per_1k": 0.10526315789473684}, {"month": "2025-09", "post_count": 1, "avg_reactions": 25.0, "avg_comments": 10.0, "avg_restacks": 5.0, "avg_reactions_per_1k": 1.3157894736842104, "avg_comments_per_1k": 0.5263157894736842, "avg_restacks_per_1k": 0.2631578947368421}]}