{"topic": "Military history", "generated_at": "2025-09-14T12:36:23+00:00", "series": [{"month": "2023-08", "post_count": 2, "avg_reactions": 4.5, "avg_comments": 0.0, "avg_restacks": 0.5, "avg_reactions_per_1k": 11.479591836734693, "avg_comments_per_1k": 0.0, "avg_restacks_per_1k": 1.2755102040816326}, {"month": "2023-09", "post_count": 1, "avg_reactions": 1.0, "avg_comments": 0.0, "avg_restacks": 0.0, "avg_reactions_per_1k": 0.12987012987012986, "avg_comments_per_1k": 0.0, "avg_restacks_per_1k": 0.0}, {"month": "2023-10", "post_count": 2, "avg_reactions": 10.0, "avg_comments": 1.0, "avg_restacks": 0.0, "avg_reactions_per_1k": 25.51020408163265, "avg_comments_per_1k": 2.5510204081632653, "avg_restacks_per_1k": 0.0}, {"month": "2025-08", "post_count": 1, "avg_reactions": 4336.0, "avg_comments": 432.0, "avg_restacks": 850.0, "avg_reactions_per_1k": 23.18716577540107, "avg_comments_per_1k": 2.3101604278074865, "avg_restacks_per_1k": 4.545454545454545}]}