{"topic": "Mixed Doubles", "generated_at": "2025-09-14T12:36:23+00:00", "series": [{"month": "2025-08", "post_count": 4, "avg_reactions": 23.25, "avg_comments": 31.25, "avg_restacks": 2.25, "avg_reactions_per_1k": 3.3695652173913047, "avg_comments_per_1k": 4.528985507246377, "avg_restacks_per_1k": 0.32608695652173914}]}