{"topic": "MLB", "generated_at": "2025-09-14T12:36:23+00:00", "series": [{"month": "2025-06", "post_count": 2, "avg_reactions": 5.0, "avg_comments": 0.0, "avg_restacks": 6.0, "avg_reactions_per_1k": 1.5151515151515151, "avg_comments_per_1k": 0.0, "avg_restacks_per_1k": 1.8181818181818181}, {"month": "2025-07", "post_count": 1, "avg_reactions": 6.0, "avg_comments": 0.0, "avg_restacks": 4.0, "avg_reactions_per_1k": 1.8181818181818183, "avg_comments_per_1k": 0.0, "avg_restacks_per_1k": 1.2121212121212122}, {"month": "2025-08", "post_count": 1, "avg_reactions": 5.0, "avg_comments": 0.0, "avg_restacks": 1.0, "avg_reactions_per_1k": 1.5151515151515151, "avg_comments_per_1k": 0.0, "avg_restacks_per_1k": 0.30303030303030304}, {"month": "2025-09", "post_count": 2, "avg_reactions": 1.5, "avg_comments": 0.0, "avg_restacks": 1.5, "avg_reactions_per_1k": 1.6804407713498621, "avg_comments_per_1k": 0.0, "avg_restacks_per_1k": 0.4545454545454546}]}