{"topic": "MLS & Associations", "generated_at": "2025-09-14T12:36:23+00:00", "series": [{"month": "2025-06", "post_count": 3, "avg_reactions": 9.666666666666666, "avg_comments": 18.666666666666668, "avg_restacks": 1.3333333333333333, "avg_reactions_per_1k": 1.2236286919831223, "avg_comments_per_1k": 2.3628691983122363, "avg_restacks_per_1k": 0.1687763713080169}, {"month": "2025-07", "post_count": 3, "avg_reactions": 2.6666666666666665, "avg_comments": 0.6666666666666666, "avg_restacks": 1.0, "avg_reactions_per_1k": 0.3375527426160338, "avg_comments_per_1k": 0.08438818565400845, "avg_restacks_per_1k": 0.12658227848101267}, {"month": "2025-08", "post_count": 3, "avg_reactions": 5.0, "avg_comments": 8.0, "avg_restacks": 1.0, "avg_reactions_per_1k": 0.6329113924050633, "avg_comments_per_1k": 1.0126582278481013, "avg_restacks_per_1k": 0.12658227848101267}]}