{"topic": "MMA", "generated_at": "2025-09-14T12:36:23+00:00", "series": [{"month": "2025-06", "post_count": 7, "avg_reactions": 8.714285714285714, "avg_comments": 1.1428571428571428, "avg_restacks": 0.5714285714285714, "avg_reactions_per_1k": 0.6224489795918366, "avg_comments_per_1k": 0.08163265306122448, "avg_restacks_per_1k": 0.04081632653061224}, {"month": "2025-07", "post_count": 6, "avg_reactions": 10.0, "avg_comments": 3.3333333333333335, "avg_restacks": 0.8333333333333334, "avg_reactions_per_1k": 0.7142857142857143, "avg_comments_per_1k": 0.2380952380952381, "avg_restacks_per_1k": 0.059523809523809514}, {"month": "2025-08", "post_count": 7, "avg_reactions": 7.857142857142857, "avg_comments": 1.0, "avg_restacks": 0.14285714285714285, "avg_reactions_per_1k": 0.5612244897959183, "avg_comments_per_1k": 0.07142857142857142, "avg_restacks_per_1k": 0.01020408163265306}, {"month": "2025-09", "post_count": 4, "avg_reactions": 7.5, "avg_comments": 1.0, "avg_restacks": 0.75, "avg_reactions_per_1k": 0.5357142857142857, "avg_comments_per_1k": 0.07142857142857142, "avg_restacks_per_1k": 0.05357142857142857}]}