{"topic": "Monetary Inflation", "generated_at": "2025-09-14T12:36:23+00:00", "series": [{"month": "2025-08", "post_count": 1, "avg_reactions": 139.0, "avg_comments": 23.0, "avg_restacks": 6.0, "avg_reactions_per_1k": 4.212121212121212, "avg_comments_per_1k": 0.696969696969697, "avg_restacks_per_1k": 0.18181818181818182}]}