{"topic": "money", "generated_at": "2025-09-14T12:36:23+00:00", "series": [{"month": "2025-05", "post_count": 1, "avg_reactions": 6.0, "avg_comments": 0.0, "avg_restacks": 1.0, "avg_reactions_per_1k": 1.7142857142857142, "avg_comments_per_1k": 0.0, "avg_restacks_per_1k": 0.2857142857142857}, {"month": "2025-06", "post_count": 3, "avg_reactions": 5.333333333333333, "avg_comments": 0.0, "avg_restacks": 0.3333333333333333, "avg_reactions_per_1k": 1.5238095238095237, "avg_comments_per_1k": 0.0, "avg_restacks_per_1k": 0.09523809523809523}, {"month": "2025-07", "post_count": 5, "avg_reactions": 5.0, "avg_comments": 0.0, "avg_restacks": 0.4, "avg_reactions_per_1k": 1.4285714285714284, "avg_comments_per_1k": 0.0, "avg_restacks_per_1k": 0.11428571428571428}, {"month": "2025-08", "post_count": 4, "avg_reactions": 5.0, "avg_comments": 0.0, "avg_restacks": 0.25, "avg_reactions_per_1k": 1.4285714285714284, "avg_comments_per_1k": 0.0, "avg_restacks_per_1k": 0.07142857142857142}]}