{"topic": "Monthly Wears", "generated_at": "2025-09-14T12:36:23+00:00", "series": [{"month": "2025-03", "post_count": 1, "avg_reactions": 32.0, "avg_comments": 9.0, "avg_restacks": 2.0, "avg_reactions_per_1k": 5.818181818181818, "avg_comments_per_1k": 1.6363636363636365, "avg_restacks_per_1k": 0.36363636363636365}]}