{"topic": "Mormonism", "generated_at": "2025-09-14T12:36:23+00:00", "series": [{"month": "2025-03", "post_count": 1, "avg_reactions": 66.0, "avg_comments": 38.0, "avg_restacks": 1.0, "avg_reactions_per_1k": 3.4736842105263155, "avg_comments_per_1k": 2.0, "avg_restacks_per_1k": 0.05263157894736842}]}