{"topic": "Mother-Daughter Relationships", "generated_at": "2025-09-14T12:36:23+00:00", "series": [{"month": "2024-08", "post_count": 1, "avg_reactions": 41.0, "avg_comments": 0.0, "avg_restacks": 7.0, "avg_reactions_per_1k": 5.2564102564102555, "avg_comments_per_1k": 0.0, "avg_restacks_per_1k": 0.8974358974358974}, {"month": "2025-07", "post_count": 1, "avg_reactions": 151.0, "avg_comments": 58.0, "avg_restacks": 14.0, "avg_reactions_per_1k": 0.9263803680981595, "avg_comments_per_1k": 0.3558282208588957, "avg_restacks_per_1k": 0.08588957055214724}, {"month": "2025-08", "post_count": 1, "avg_reactions": 46.0, "avg_comments": 16.0, "avg_restacks": 2.0, "avg_reactions_per_1k": 0.2822085889570552, "avg_comments_per_1k": 0.09815950920245399, "avg_restacks_per_1k": 0.012269938650306749}]}