{"topic": "Motivation & Drive", "generated_at": "2025-09-14T12:36:23+00:00", "series": [{"month": "2025-05", "post_count": 1, "avg_reactions": 2.0, "avg_comments": 0.0, "avg_restacks": 0.0, "avg_reactions_per_1k": 0.8, "avg_comments_per_1k": 0.0, "avg_restacks_per_1k": 0.0}, {"month": "2025-06", "post_count": 5, "avg_reactions": 23.4, "avg_comments": 4.8, "avg_restacks": 3.2, "avg_reactions_per_1k": 0.6904761904761905, "avg_comments_per_1k": 0.14285714285714285, "avg_restacks_per_1k": 0.09523809523809523}, {"month": "2025-07", "post_count": 5, "avg_reactions": 43.8, "avg_comments": 6.0, "avg_restacks": 5.2, "avg_reactions_per_1k": 1.042857142857143, "avg_comments_per_1k": 0.14285714285714285, "avg_restacks_per_1k": 0.12380952380952381}, {"month": "2025-08", "post_count": 3, "avg_reactions": 41.333333333333336, "avg_comments": 7.0, "avg_restacks": 5.333333333333333, "avg_reactions_per_1k": 0.9841269841269841, "avg_comments_per_1k": 0.16666666666666666, "avg_restacks_per_1k": 0.12698412698412698}]}