{"topic": "Multimodal AI", "generated_at": "2025-09-14T12:36:23+00:00", "series": [{"month": "2025-07", "post_count": 3, "avg_reactions": 39.333333333333336, "avg_comments": 4.0, "avg_restacks": 7.333333333333333, "avg_reactions_per_1k": 0.17680751907105105, "avg_comments_per_1k": 0.017691166132937593, "avg_restacks_per_1k": 0.032804811372334604}, {"month": "2025-08", "post_count": 2, "avg_reactions": 45.5, "avg_comments": 1.0, "avg_restacks": 0.0, "avg_reactions_per_1k": 0.0, "avg_comments_per_1k": 0.0, "avg_restacks_per_1k": 0.0}]}