{"topic": "Mystical Christianity", "generated_at": "2025-09-14T12:36:23+00:00", "series": [{"month": "2025-07", "post_count": 3, "avg_reactions": 84.66666666666667, "avg_comments": 73.66666666666667, "avg_restacks": 24.666666666666668, "avg_reactions_per_1k": 31.358024691358025, "avg_comments_per_1k": 27.28395061728395, "avg_restacks_per_1k": 9.135802469135802}, {"month": "2025-08", "post_count": 1, "avg_reactions": 74.0, "avg_comments": 71.0, "avg_restacks": 13.0, "avg_reactions_per_1k": 27.407407407407405, "avg_comments_per_1k": 26.296296296296294, "avg_restacks_per_1k": 4.814814814814815}]}