{"topic": "NASDAQ index", "generated_at": "2025-09-14T12:36:23+00:00", "series": [{"month": "2025-06", "post_count": 10, "avg_reactions": 10.4, "avg_comments": 1.0, "avg_restacks": 3.7, "avg_reactions_per_1k": 2.2127659574468086, "avg_comments_per_1k": 0.2127659574468085, "avg_restacks_per_1k": 0.7872340425531915}, {"month": "2025-07", "post_count": 9, "avg_reactions": 7.555555555555555, "avg_comments": 2.3333333333333335, "avg_restacks": 2.4444444444444446, "avg_reactions_per_1k": 1.607565011820331, "avg_comments_per_1k": 0.4964539007092199, "avg_restacks_per_1k": 0.5200945626477541}, {"month": "2025-08", "post_count": 9, "avg_reactions": 8.555555555555555, "avg_comments": 1.2222222222222223, "avg_restacks": 2.111111111111111, "avg_reactions_per_1k": 1.8203309692671397, "avg_comments_per_1k": 0.26004728132387706, "avg_restacks_per_1k": 0.44917257683215134}, {"month": "2025-09", "post_count": 1, "avg_reactions": 6.0, "avg_comments": 0.0, "avg_restacks": 3.0, "avg_reactions_per_1k": 1.2765957446808511, "avg_comments_per_1k": 0.0, "avg_restacks_per_1k": 0.6382978723404256}]}