{"topic": "National Parks", "generated_at": "2025-09-14T12:36:23+00:00", "series": [{"month": "2025-04", "post_count": 2, "avg_reactions": 48.0, "avg_comments": 16.5, "avg_restacks": 5.5, "avg_reactions_per_1k": 2.608792270531401, "avg_comments_per_1k": 1.7934782608695652, "avg_restacks_per_1k": 0.17193236714975846}, {"month": "2025-07", "post_count": 6, "avg_reactions": 53.0, "avg_comments": 2.6666666666666665, "avg_restacks": 18.666666666666668, "avg_reactions_per_1k": 1.5142857142857142, "avg_comments_per_1k": 0.07619047619047618, "avg_restacks_per_1k": 0.5333333333333333}, {"month": "2025-08", "post_count": 15, "avg_reactions": 46.13333333333333, "avg_comments": 1.1333333333333333, "avg_restacks": 12.666666666666666, "avg_reactions_per_1k": 1.3180952380952382, "avg_comments_per_1k": 0.03238095238095238, "avg_restacks_per_1k": 0.3619047619047619}, {"month": "2025-09", "post_count": 2, "avg_reactions": 33.0, "avg_comments": 3.0, "avg_restacks": 10.5, "avg_reactions_per_1k": 0.9428571428571428, "avg_comments_per_1k": 0.08571428571428572, "avg_restacks_per_1k": 0.3}]}