{"topic": "Native Americans", "generated_at": "2025-09-14T12:36:23+00:00", "series": [{"month": "2024-06", "post_count": 1, "avg_reactions": 33.0, "avg_comments": 7.0, "avg_restacks": 5.0, "avg_reactions_per_1k": 4.23076923076923, "avg_comments_per_1k": 0.8974358974358974, "avg_restacks_per_1k": 0.641025641025641}]}