{"topic": "NATO", "generated_at": "2025-09-14T12:36:23+00:00", "series": [{"month": "2023-01", "post_count": 1, "avg_reactions": 2.0, "avg_comments": 0.0, "avg_restacks": 0.0, "avg_reactions_per_1k": 0.0, "avg_comments_per_1k": 0.0, "avg_restacks_per_1k": 0.0}, {"month": "2025-08", "post_count": 1, "avg_reactions": 52.0, "avg_comments": 4.0, "avg_restacks": 10.0, "avg_reactions_per_1k": 0.5048543689320388, "avg_comments_per_1k": 0.038834951456310676, "avg_restacks_per_1k": 0.09708737864077668}, {"month": "2025-09", "post_count": 3, "avg_reactions": 342.0, "avg_comments": 24.333333333333332, "avg_restacks": 118.33333333333333, "avg_reactions_per_1k": 16.50949074074074, "avg_comments_per_1k": 1.5341016548463358, "avg_restacks_per_1k": 4.964957643814027}]}