{"topic": "Natural Disaster", "generated_at": "2025-09-14T12:36:23+00:00", "series": [{"month": "2025-07", "post_count": 1, "avg_reactions": 86.0, "avg_comments": 0.0, "avg_restacks": 9.0, "avg_reactions_per_1k": 0.4502617801047121, "avg_comments_per_1k": 0.0, "avg_restacks_per_1k": 0.04712041884816754}]}