{"topic": "NBA", "generated_at": "2025-09-14T12:36:23+00:00", "series": [{"month": "2025-06", "post_count": 13, "avg_reactions": 25.615384615384617, "avg_comments": 8.846153846153847, "avg_restacks": 2.076923076923077, "avg_reactions_per_1k": 5.39481351981352, "avg_comments_per_1k": 1.842948717948718, "avg_restacks_per_1k": 0.4982517482517483}, {"month": "2025-07", "post_count": 3, "avg_reactions": 27.666666666666668, "avg_comments": 11.333333333333334, "avg_restacks": 2.3333333333333335, "avg_reactions_per_1k": 7.138888888888889, "avg_comments_per_1k": 2.361111111111111, "avg_restacks_per_1k": 1.097222222222222}, {"month": "2025-08", "post_count": 2, "avg_reactions": 10.5, "avg_comments": 10.5, "avg_restacks": 0.5, "avg_reactions_per_1k": 1.1428571428571428, "avg_comments_per_1k": 1.05, "avg_restacks_per_1k": 0.14285714285714285}]}