{"topic": "Netflix", "generated_at": "2025-09-14T12:36:23+00:00", "series": [{"month": "2025-03", "post_count": 1, "avg_reactions": 13.0, "avg_comments": 12.0, "avg_restacks": 2.0, "avg_reactions_per_1k": 0.0, "avg_comments_per_1k": 0.0, "avg_restacks_per_1k": 0.0}, {"month": "2025-07", "post_count": 1, "avg_reactions": 16.0, "avg_comments": 0.0, "avg_restacks": 2.0, "avg_reactions_per_1k": 0.8421052631578947, "avg_comments_per_1k": 0.0, "avg_restacks_per_1k": 0.10526315789473684}, {"month": "2025-08", "post_count": 7, "avg_reactions": 10.285714285714286, "avg_comments": 4.285714285714286, "avg_restacks": 1.2857142857142858, "avg_reactions_per_1k": 1.940700808625337, "avg_comments_per_1k": 0.8086253369272238, "avg_restacks_per_1k": 0.24258760107816713}]}