{"topic": "Netherlands", "generated_at": "2025-09-14T12:36:23+00:00", "series": [{"month": "2025-09", "post_count": 1, "avg_reactions": 6.0, "avg_comments": 2.0, "avg_restacks": 1.0, "avg_reactions_per_1k": 1.2765957446808511, "avg_comments_per_1k": 0.425531914893617, "avg_restacks_per_1k": 0.2127659574468085}]}