{"topic": "Neuroplasticity", "generated_at": "2025-09-14T12:36:23+00:00", "series": [{"month": "2025-08", "post_count": 3, "avg_reactions": 33.666666666666664, "avg_comments": 13.0, "avg_restacks": 3.0, "avg_reactions_per_1k": 9.619047619047619, "avg_comments_per_1k": 3.714285714285714, "avg_restacks_per_1k": 0.8571428571428571}]}