{"topic": "New York Times", "generated_at": "2025-09-14T12:36:23+00:00", "series": [{"month": "2025-02", "post_count": 1, "avg_reactions": 24.0, "avg_comments": 0.0, "avg_restacks": 5.0, "avg_reactions_per_1k": 0.47058823529411764, "avg_comments_per_1k": 0.0, "avg_restacks_per_1k": 0.09803921568627451}, {"month": "2025-03", "post_count": 1, "avg_reactions": 37.0, "avg_comments": 2.0, "avg_restacks": 4.0, "avg_reactions_per_1k": 0.7254901960784313, "avg_comments_per_1k": 0.0392156862745098, "avg_restacks_per_1k": 0.0784313725490196}, {"month": "2025-07", "post_count": 1, "avg_reactions": 68.0, "avg_comments": 5.0, "avg_restacks": 15.0, "avg_reactions_per_1k": 0.918918918918919, "avg_comments_per_1k": 0.06756756756756757, "avg_restacks_per_1k": 0.20270270270270271}]}