{"topic": "New Moon", "generated_at": "2025-09-14T12:36:23+00:00", "series": [{"month": "2025-06", "post_count": 1, "avg_reactions": 42.0, "avg_comments": 19.0, "avg_restacks": 4.0, "avg_reactions_per_1k": 2.2105263157894735, "avg_comments_per_1k": 1.0, "avg_restacks_per_1k": 0.21052631578947367}]}