{"topic": "New Orleans", "generated_at": "2025-09-14T12:36:23+00:00", "series": [{"month": "2025-07", "post_count": 3, "avg_reactions": 14.333333333333334, "avg_comments": 9.333333333333334, "avg_restacks": 1.0, "avg_reactions_per_1k": 2.1717171717171717, "avg_comments_per_1k": 1.4141414141414141, "avg_restacks_per_1k": 0.15151515151515152}, {"month": "2025-08", "post_count": 1, "avg_reactions": 16.0, "avg_comments": 21.0, "avg_restacks": 1.0, "avg_reactions_per_1k": 2.4242424242424243, "avg_comments_per_1k": 3.181818181818182, "avg_restacks_per_1k": 0.15151515151515152}]}