{"topic": "New York", "generated_at": "2025-09-14T12:36:23+00:00", "series": [{"month": "2025-02", "post_count": 1, "avg_reactions": 19.0, "avg_comments": 22.0, "avg_restacks": 4.0, "avg_reactions_per_1k": 0.0, "avg_comments_per_1k": 0.0, "avg_restacks_per_1k": 0.0}, {"month": "2025-06", "post_count": 2, "avg_reactions": 295.5, "avg_comments": 54.5, "avg_restacks": 31.0, "avg_reactions_per_1k": 3.5656250000000003, "avg_comments_per_1k": 0.659375, "avg_restacks_per_1k": 0.37812500000000004}, {"month": "2025-07", "post_count": 3, "avg_reactions": 214.66666666666666, "avg_comments": 38.666666666666664, "avg_restacks": 32.666666666666664, "avg_reactions_per_1k": 2.17008547008547, "avg_comments_per_1k": 1.275534188034188, "avg_restacks_per_1k": 0.2254273504273504}, {"month": "2025-08", "post_count": 1, "avg_reactions": 61.0, "avg_comments": 8.0, "avg_restacks": 16.0, "avg_reactions_per_1k": 9.53125, "avg_comments_per_1k": 1.25, "avg_restacks_per_1k": 2.5}]}