{"topic": "New Jersey", "generated_at": "2025-09-14T12:36:23+00:00", "series": [{"month": "2025-02", "post_count": 1, "avg_reactions": 9.0, "avg_comments": 3.0, "avg_restacks": 0.0, "avg_reactions_per_1k": 2.142857142857143, "avg_comments_per_1k": 0.7142857142857142, "avg_restacks_per_1k": 0.0}, {"month": "2025-03", "post_count": 2, "avg_reactions": 32.5, "avg_comments": 5.0, "avg_restacks": 2.5, "avg_reactions_per_1k": 0.6372549019607843, "avg_comments_per_1k": 0.09803921568627451, "avg_restacks_per_1k": 0.049019607843137254}, {"month": "2025-04", "post_count": 1, "avg_reactions": 41.0, "avg_comments": 4.0, "avg_restacks": 2.0, "avg_reactions_per_1k": 0.803921568627451, "avg_comments_per_1k": 0.0784313725490196, "avg_restacks_per_1k": 0.0392156862745098}, {"month": "2025-07", "post_count": 1, "avg_reactions": 18.0, "avg_comments": 2.0, "avg_restacks": 6.0, "avg_reactions_per_1k": 4.285714285714286, "avg_comments_per_1k": 0.47619047619047616, "avg_restacks_per_1k": 1.4285714285714284}]}