{"topic": "New Zealand", "generated_at": "2025-09-14T12:36:23+00:00", "series": [{"month": "2024-12", "post_count": 1, "avg_reactions": 1.0, "avg_comments": 0.0, "avg_restacks": 2.0, "avg_reactions_per_1k": 0.21739130434782608, "avg_comments_per_1k": 0.0, "avg_restacks_per_1k": 0.43478260869565216}, {"month": "2025-06", "post_count": 5, "avg_reactions": 13.0, "avg_comments": 37.4, "avg_restacks": 1.6, "avg_reactions_per_1k": 13.72756071805702, "avg_comments_per_1k": 39.49313621964097, "avg_restacks_per_1k": 1.689545934530095}, {"month": "2025-07", "post_count": 6, "avg_reactions": 7.333333333333333, "avg_comments": 10.666666666666666, "avg_restacks": 0.5, "avg_reactions_per_1k": 6.815326595263237, "avg_comments_per_1k": 13.093980992608238, "avg_restacks_per_1k": 0.268336098959119}]}