{"topic": "Next Rider up", "generated_at": "2025-09-14T12:36:23+00:00", "series": [{"month": "2025-08", "post_count": 2, "avg_reactions": 14.0, "avg_comments": 1.0, "avg_restacks": 0.5, "avg_reactions_per_1k": 2.153846153846154, "avg_comments_per_1k": 0.15384615384615385, "avg_restacks_per_1k": 0.07692307692307693}]}