{"topic": "NFL Betting", "generated_at": "2025-09-14T12:36:23+00:00", "series": [{"month": "2025-09", "post_count": 9, "avg_reactions": 5.222222222222222, "avg_comments": 4.666666666666667, "avg_restacks": 0.3333333333333333, "avg_reactions_per_1k": 8.252219161310071, "avg_comments_per_1k": 2.121212121212121, "avg_restacks_per_1k": 0.662687480869299}]}