{"topic": "NHL", "generated_at": "2025-09-14T12:36:23+00:00", "series": [{"month": "2025-06", "post_count": 5, "avg_reactions": 37.8, "avg_comments": 8.6, "avg_restacks": 1.0, "avg_reactions_per_1k": 10.194444444444445, "avg_comments_per_1k": 2.0833333333333335, "avg_restacks_per_1k": 0.2638888888888889}, {"month": "2025-07", "post_count": 7, "avg_reactions": 30.714285714285715, "avg_comments": 4.428571428571429, "avg_restacks": 1.1428571428571428, "avg_reactions_per_1k": 8.531746031746033, "avg_comments_per_1k": 1.23015873015873, "avg_restacks_per_1k": 0.3174603174603175}, {"month": "2025-08", "post_count": 4, "avg_reactions": 20.25, "avg_comments": 5.25, "avg_restacks": 0.5, "avg_reactions_per_1k": 5.625, "avg_comments_per_1k": 1.4583333333333333, "avg_restacks_per_1k": 0.1388888888888889}, {"month": "2025-09", "post_count": 4, "avg_reactions": 17.5, "avg_comments": 10.0, "avg_restacks": 0.5, "avg_reactions_per_1k": 4.861111111111112, "avg_comments_per_1k": 2.7777777777777777, "avg_restacks_per_1k": 0.1388888888888889}]}