{"topic": "No Code Tools", "generated_at": "2025-09-14T12:36:23+00:00", "series": [{"month": "2025-06", "post_count": 2, "avg_reactions": 45.0, "avg_comments": 10.5, "avg_restacks": 8.0, "avg_reactions_per_1k": 4.787234042553192, "avg_comments_per_1k": 1.1170212765957448, "avg_restacks_per_1k": 0.851063829787234}]}