{"topic": "North Korea", "generated_at": "2025-09-14T12:36:23+00:00", "series": [{"month": "2023-03", "post_count": 1, "avg_reactions": 1.0, "avg_comments": 0.0, "avg_restacks": 0.0, "avg_reactions_per_1k": 25.0, "avg_comments_per_1k": 0.0, "avg_restacks_per_1k": 0.0}, {"month": "2025-09", "post_count": 3, "avg_reactions": 116.66666666666667, "avg_comments": 19.0, "avg_restacks": 44.333333333333336, "avg_reactions_per_1k": 8.666666666666666, "avg_comments_per_1k": 0.7166666666666666, "avg_restacks_per_1k": 3.5166666666666666}]}