{"topic": "Norway", "generated_at": "2025-09-14T12:36:23+00:00", "series": [{"month": "2025-07", "post_count": 2, "avg_reactions": 11.0, "avg_comments": 0.0, "avg_restacks": 1.0, "avg_reactions_per_1k": 1.506849315068493, "avg_comments_per_1k": 0.0, "avg_restacks_per_1k": 0.136986301369863}, {"month": "2025-09", "post_count": 1, "avg_reactions": 7.0, "avg_comments": 0.0, "avg_restacks": 2.0, "avg_reactions_per_1k": 0.8433734939759037, "avg_comments_per_1k": 0.0, "avg_restacks_per_1k": 0.24096385542168675}]}