{"topic": "Numerology", "generated_at": "2025-09-14T12:36:23+00:00", "series": [{"month": "2025-08", "post_count": 2, "avg_reactions": 4.0, "avg_comments": 8.0, "avg_restacks": 0.0, "avg_reactions_per_1k": 5.873715124816447, "avg_comments_per_1k": 11.747430249632892, "avg_restacks_per_1k": 0.0}, {"month": "2025-09", "post_count": 1, "avg_reactions": 5.0, "avg_comments": 11.0, "avg_restacks": 0.0, "avg_reactions_per_1k": 7.342143906020558, "avg_comments_per_1k": 16.152716593245227, "avg_restacks_per_1k": 0.0}]}