{"topic": "Nvidia", "generated_at": "2025-09-14T12:36:23+00:00", "series": [{"month": "2025-05", "post_count": 3, "avg_reactions": 19.333333333333332, "avg_comments": 2.0, "avg_restacks": 2.0, "avg_reactions_per_1k": 2.694716242661448, "avg_comments_per_1k": 0.0, "avg_restacks_per_1k": 0.3424657534246575}, {"month": "2025-07", "post_count": 1, "avg_reactions": 45.0, "avg_comments": 0.0, "avg_restacks": 5.0, "avg_reactions_per_1k": 0.2073732718894009, "avg_comments_per_1k": 0.0, "avg_restacks_per_1k": 0.02304147465437788}, {"month": "2025-08", "post_count": 8, "avg_reactions": 27.875, "avg_comments": 2.5, "avg_restacks": 5.375, "avg_reactions_per_1k": 2.660943641416843, "avg_comments_per_1k": 0.09425699135155609, "avg_restacks_per_1k": 0.825553328563713}, {"month": "2025-09", "post_count": 1, "avg_reactions": 22.0, "avg_comments": 8.0, "avg_restacks": 12.0, "avg_reactions_per_1k": 3.013698630136986, "avg_comments_per_1k": 1.095890410958904, "avg_restacks_per_1k": 1.643835616438356}]}