{"topic": "Offshore Energy", "generated_at": "2025-09-14T12:36:23+00:00", "series": [{"month": "2025-07", "post_count": 5, "avg_reactions": 9.2, "avg_comments": 6.2, "avg_restacks": 1.0, "avg_reactions_per_1k": 9.846728151075975, "avg_comments_per_1k": 15.656565656565656, "avg_restacks_per_1k": 1.6021080368906453}, {"month": "2025-08", "post_count": 5, "avg_reactions": 3.4, "avg_comments": 1.8, "avg_restacks": 0.4, "avg_reactions_per_1k": 3.2303030303030296, "avg_comments_per_1k": 4.545454545454545, "avg_restacks_per_1k": 0.03636363636363636}]}