{"topic": "Opendoor", "generated_at": "2025-09-14T12:36:23+00:00", "series": [{"month": "2025-08", "post_count": 3, "avg_reactions": 4.666666666666667, "avg_comments": 6.0, "avg_restacks": 0.6666666666666666, "avg_reactions_per_1k": 0.5907172995780591, "avg_comments_per_1k": 0.759493670886076, "avg_restacks_per_1k": 0.08438818565400845}]}