{"topic": "OpenAI", "generated_at": "2025-09-14T12:36:23+00:00", "series": [{"month": "2024-10", "post_count": 1, "avg_reactions": 68.0, "avg_comments": 0.0, "avg_restacks": 5.0, "avg_reactions_per_1k": 0.9444444444444444, "avg_comments_per_1k": 0.0, "avg_restacks_per_1k": 0.06944444444444445}, {"month": "2025-07", "post_count": 8, "avg_reactions": 42.0, "avg_comments": 1.75, "avg_restacks": 2.75, "avg_reactions_per_1k": 0.4296337303249746, "avg_comments_per_1k": 0.01307678496618589, "avg_restacks_per_1k": 0.018560356693997245}, {"month": "2025-08", "post_count": 21, "avg_reactions": 57.04761904761905, "avg_comments": 12.0, "avg_restacks": 6.571428571428571, "avg_reactions_per_1k": 1.2757580872808136, "avg_comments_per_1k": 0.1419138223301844, "avg_restacks_per_1k": 0.16059430563474567}]}