{"topic": "Open Banking", "generated_at": "2025-09-14T12:36:23+00:00", "series": [{"month": "2025-07", "post_count": 3, "avg_reactions": 8.666666666666666, "avg_comments": 0.0, "avg_restacks": 0.6666666666666666, "avg_reactions_per_1k": 0.5777777777777778, "avg_comments_per_1k": 0.0, "avg_restacks_per_1k": 0.044444444444444446}]}