{"topic": "Open-Weight LLMs", "generated_at": "2025-09-14T12:36:23+00:00", "series": [{"month": "2025-08", "post_count": 6, "avg_reactions": 43.833333333333336, "avg_comments": 1.3333333333333333, "avg_restacks": 4.833333333333333, "avg_reactions_per_1k": 0.5288108825794792, "avg_comments_per_1k": 0.00423728813559322, "avg_restacks_per_1k": 0.16147005673386208}]}