{"topic": "Opioid crisis", "generated_at": "2025-09-14T12:36:23+00:00", "series": [{"month": "2025-01", "post_count": 1, "avg_reactions": 3.0, "avg_comments": 8.0, "avg_restacks": 1.0, "avg_reactions_per_1k": 9.803921568627452, "avg_comments_per_1k": 26.143790849673202, "avg_restacks_per_1k": 3.2679738562091503}, {"month": "2025-09", "post_count": 2, "avg_reactions": 62.5, "avg_comments": 6.0, "avg_restacks": 5.5, "avg_reactions_per_1k": 0.9920634920634921, "avg_comments_per_1k": 0.09523809523809523, "avg_restacks_per_1k": 0.0873015873015873}]}