{"topic": "Organization", "generated_at": "2025-09-14T12:36:23+00:00", "series": [{"month": "2025-03", "post_count": 1, "avg_reactions": 56.0, "avg_comments": 33.0, "avg_restacks": 7.0, "avg_reactions_per_1k": 0.717948717948718, "avg_comments_per_1k": 0.4230769230769231, "avg_restacks_per_1k": 0.08974358974358974}, {"month": "2025-08", "post_count": 1, "avg_reactions": 38.0, "avg_comments": 9.0, "avg_restacks": 1.0, "avg_reactions_per_1k": 3.4545454545454546, "avg_comments_per_1k": 0.8181818181818182, "avg_restacks_per_1k": 0.09090909090909091}, {"month": "2025-09", "post_count": 1, "avg_reactions": 10.0, "avg_comments": 4.0, "avg_restacks": 0.0, "avg_reactions_per_1k": 7.142857142857143, "avg_comments_per_1k": 2.857142857142857, "avg_restacks_per_1k": 0.0}]}