{"topic": "Painting", "generated_at": "2025-09-14T12:36:23+00:00", "series": [{"month": "2025-08", "post_count": 3, "avg_reactions": 29.0, "avg_comments": 1.0, "avg_restacks": 0.0, "avg_reactions_per_1k": 32.80542986425339, "avg_comments_per_1k": 1.1312217194570136, "avg_restacks_per_1k": 0.0}]}