{"topic": "Pakistan", "generated_at": "2025-09-14T12:36:23+00:00", "series": [{"month": "2024-10", "post_count": 1, "avg_reactions": 0.0, "avg_comments": 0.0, "avg_restacks": 10.0, "avg_reactions_per_1k": 0.0, "avg_comments_per_1k": 0.0, "avg_restacks_per_1k": 0.23809523809523808}, {"month": "2025-03", "post_count": 1, "avg_reactions": 32.0, "avg_comments": 12.0, "avg_restacks": 2.0, "avg_reactions_per_1k": 0.6666666666666666, "avg_comments_per_1k": 0.25, "avg_restacks_per_1k": 0.041666666666666664}, {"month": "2025-05", "post_count": 2, "avg_reactions": 73.5, "avg_comments": 16.0, "avg_restacks": 6.5, "avg_reactions_per_1k": 2.5344827586206895, "avg_comments_per_1k": 0.5517241379310345, "avg_restacks_per_1k": 0.22413793103448276}, {"month": "2025-08", "post_count": 4, "avg_reactions": 123.0, "avg_comments": 20.25, "avg_restacks": 24.5, "avg_reactions_per_1k": 2.206636421530727, "avg_comments_per_1k": 0.1312983464622809, "avg_restacks_per_1k": 0.12390887800723867}]}