{"topic": "Palantir", "generated_at": "2025-09-14T12:36:23+00:00", "series": [{"month": "2025-05", "post_count": 1, "avg_reactions": 35.0, "avg_comments": 13.0, "avg_restacks": 13.0, "avg_reactions_per_1k": 4.794520547945205, "avg_comments_per_1k": 1.7808219178082192, "avg_restacks_per_1k": 1.7808219178082192}, {"month": "2025-08", "post_count": 2, "avg_reactions": 212.5, "avg_comments": 39.5, "avg_restacks": 77.5, "avg_reactions_per_1k": 4.556088331638993, "avg_comments_per_1k": 3.9556873376256636, "avg_restacks_per_1k": 0.5961538461538461}]}