{"topic": "Payments", "generated_at": "2025-09-14T12:36:23+00:00", "series": [{"month": "2025-06", "post_count": 3, "avg_reactions": 12.333333333333334, "avg_comments": 0.0, "avg_restacks": 2.3333333333333335, "avg_reactions_per_1k": 0.8222222222222223, "avg_comments_per_1k": 0.0, "avg_restacks_per_1k": 0.15555555555555556}, {"month": "2025-07", "post_count": 9, "avg_reactions": 8.11111111111111, "avg_comments": 0.0, "avg_restacks": 1.3333333333333333, "avg_reactions_per_1k": 0.5407407407407407, "avg_comments_per_1k": 0.0, "avg_restacks_per_1k": 0.08888888888888889}, {"month": "2025-08", "post_count": 6, "avg_reactions": 10.166666666666666, "avg_comments": 1.5, "avg_restacks": 3.3333333333333335, "avg_reactions_per_1k": 0.0891812865497076, "avg_comments_per_1k": 0.013157894736842105, "avg_restacks_per_1k": 0.029239766081871343}]}