{"topic": "Peaches", "generated_at": "2025-09-14T12:36:23+00:00", "series": [{"month": "2025-07", "post_count": 4, "avg_reactions": 77.75, "avg_comments": 27.25, "avg_restacks": 2.5, "avg_reactions_per_1k": 0.4950678583250579, "avg_comments_per_1k": 0.3097567030784508, "avg_restacks_per_1k": 0.008631247931148625}, {"month": "2025-08", "post_count": 2, "avg_reactions": 20.5, "avg_comments": 8.0, "avg_restacks": 1.0, "avg_reactions_per_1k": 0.5789473684210527, "avg_comments_per_1k": 0.2807017543859649, "avg_restacks_per_1k": 0.03508771929824561}]}