{"topic": "Perfume Reviews", "generated_at": "2025-09-14T12:36:23+00:00", "series": [{"month": "2025-03", "post_count": 3, "avg_reactions": 42.333333333333336, "avg_comments": 8.666666666666666, "avg_restacks": 2.6666666666666665, "avg_reactions_per_1k": 7.696969696969698, "avg_comments_per_1k": 1.575757575757576, "avg_restacks_per_1k": 0.48484848484848486}, {"month": "2025-04", "post_count": 5, "avg_reactions": 58.6, "avg_comments": 29.8, "avg_restacks": 3.4, "avg_reactions_per_1k": 10.654545454545454, "avg_comments_per_1k": 5.418181818181818, "avg_restacks_per_1k": 0.6181818181818182}]}