{"topic": "Personal Effectiveness", "generated_at": "2025-09-14T12:36:23+00:00", "series": [{"month": "2025-02", "post_count": 1, "avg_reactions": 3.0, "avg_comments": 4.0, "avg_restacks": 0.0, "avg_reactions_per_1k": 0.576923076923077, "avg_comments_per_1k": 0.7692307692307693, "avg_restacks_per_1k": 0.0}, {"month": "2025-06", "post_count": 5, "avg_reactions": 34.6, "avg_comments": 6.2, "avg_restacks": 5.2, "avg_reactions_per_1k": 0.8238095238095238, "avg_comments_per_1k": 0.1476190476190476, "avg_restacks_per_1k": 0.12380952380952381}, {"month": "2025-07", "post_count": 6, "avg_reactions": 41.666666666666664, "avg_comments": 5.666666666666667, "avg_restacks": 4.833333333333333, "avg_reactions_per_1k": 0.9920634920634921, "avg_comments_per_1k": 0.1349206349206349, "avg_restacks_per_1k": 0.11507936507936507}, {"month": "2025-08", "post_count": 7, "avg_reactions": 35.142857142857146, "avg_comments": 5.571428571428571, "avg_restacks": 4.857142857142857, "avg_reactions_per_1k": 0.836734693877551, "avg_comments_per_1k": 0.13265306122448978, "avg_restacks_per_1k": 0.11564625850340136}]}