{"topic": "Personal Life", "generated_at": "2025-09-14T12:36:23+00:00", "series": [{"month": "2025-07", "post_count": 1, "avg_reactions": 33.0, "avg_comments": 2.0, "avg_restacks": 0.0, "avg_reactions_per_1k": 0.5409836065573771, "avg_comments_per_1k": 0.03278688524590164, "avg_restacks_per_1k": 0.0}]}