{"topic": "Peruvian Cuisine", "generated_at": "2025-09-14T12:36:23+00:00", "series": [{"month": "2025-04", "post_count": 1, "avg_reactions": 52.0, "avg_comments": 15.0, "avg_restacks": 4.0, "avg_reactions_per_1k": 6.842105263157895, "avg_comments_per_1k": 1.9736842105263157, "avg_restacks_per_1k": 0.5263157894736842}]}