{"topic": "Peter Boghossian", "generated_at": "2025-09-14T12:36:23+00:00", "series": [{"month": "2025-06", "post_count": 1, "avg_reactions": 8.0, "avg_comments": 0.0, "avg_restacks": 1.0, "avg_reactions_per_1k": 0.38095238095238093, "avg_comments_per_1k": 0.0, "avg_restacks_per_1k": 0.047619047619047616}, {"month": "2025-07", "post_count": 1, "avg_reactions": 4.0, "avg_comments": 16.0, "avg_restacks": 6.0, "avg_reactions_per_1k": 0.19047619047619047, "avg_comments_per_1k": 0.7619047619047619, "avg_restacks_per_1k": 0.2857142857142857}, {"month": "2025-08", "post_count": 1, "avg_reactions": 3.0, "avg_comments": 2.0, "avg_restacks": 2.0, "avg_reactions_per_1k": 0.14285714285714285, "avg_comments_per_1k": 0.09523809523809523, "avg_restacks_per_1k": 0.09523809523809523}]}