{"topic": "Petrodollar", "generated_at": "2025-09-14T12:36:23+00:00", "series": [{"month": "2024-06", "post_count": 1, "avg_reactions": 111.0, "avg_comments": 20.0, "avg_restacks": 13.0, "avg_reactions_per_1k": 7.928571428571428, "avg_comments_per_1k": 1.4285714285714284, "avg_restacks_per_1k": 0.9285714285714285}]}