{"topic": "Pets", "generated_at": "2025-09-14T12:36:23+00:00", "series": [{"month": "2025-01", "post_count": 1, "avg_reactions": 45.0, "avg_comments": 2.0, "avg_restacks": 0.0, "avg_reactions_per_1k": 0.0, "avg_comments_per_1k": 0.0, "avg_restacks_per_1k": 0.0}, {"month": "2025-03", "post_count": 2, "avg_reactions": 61.0, "avg_comments": 31.5, "avg_restacks": 2.0, "avg_reactions_per_1k": 8.5, "avg_comments_per_1k": 5.7, "avg_restacks_per_1k": 0.1}, {"month": "2025-06", "post_count": 2, "avg_reactions": 116.5, "avg_comments": 66.5, "avg_restacks": 2.0, "avg_reactions_per_1k": 3.5661764705882355, "avg_comments_per_1k": 1.8093891402714934, "avg_restacks_per_1k": 0.07692307692307693}, {"month": "2025-07", "post_count": 3, "avg_reactions": 144.66666666666666, "avg_comments": 83.66666666666667, "avg_restacks": 2.3333333333333335, "avg_reactions_per_1k": 4.04248366013072, "avg_comments_per_1k": 2.441176470588235, "avg_restacks_per_1k": 0.06209150326797386}]}