{"topic": "Physics", "generated_at": "2025-09-14T12:36:23+00:00", "series": [{"month": "2025-01", "post_count": 1, "avg_reactions": 72.0, "avg_comments": 4.0, "avg_restacks": 6.0, "avg_reactions_per_1k": 1.0, "avg_comments_per_1k": 0.05555555555555555, "avg_restacks_per_1k": 0.08333333333333333}, {"month": "2025-05", "post_count": 1, "avg_reactions": 194.0, "avg_comments": 130.0, "avg_restacks": 11.0, "avg_reactions_per_1k": 0.0, "avg_comments_per_1k": 0.0, "avg_restacks_per_1k": 0.0}, {"month": "2025-07", "post_count": 2, "avg_reactions": 107.5, "avg_comments": 40.5, "avg_restacks": 25.5, "avg_reactions_per_1k": 2.8571428571428568, "avg_comments_per_1k": 0.5714285714285714, "avg_restacks_per_1k": 1.4285714285714284}, {"month": "2025-08", "post_count": 1, "avg_reactions": 21.0, "avg_comments": 35.0, "avg_restacks": 5.0, "avg_reactions_per_1k": 6.363636363636364, "avg_comments_per_1k": 10.606060606060606, "avg_restacks_per_1k": 1.5151515151515151}]}