{"topic": "Physiology", "generated_at": "2025-09-14T12:36:23+00:00", "series": [{"month": "2024-11", "post_count": 2, "avg_reactions": 14.0, "avg_comments": 2.0, "avg_restacks": 0.5, "avg_reactions_per_1k": 5.833333333333334, "avg_comments_per_1k": 0.8333333333333334, "avg_restacks_per_1k": 0.20833333333333334}, {"month": "2025-02", "post_count": 1, "avg_reactions": 59.0, "avg_comments": 10.0, "avg_restacks": 1.0, "avg_reactions_per_1k": 0.0, "avg_comments_per_1k": 0.0, "avg_restacks_per_1k": 0.0}, {"month": "2025-03", "post_count": 2, "avg_reactions": 32.0, "avg_comments": 12.5, "avg_restacks": 3.5, "avg_reactions_per_1k": 13.333333333333334, "avg_comments_per_1k": 5.208333333333334, "avg_restacks_per_1k": 1.4583333333333335}]}