{"topic": "Plant based diet", "generated_at": "2025-09-14T12:36:23+00:00", "series": [{"month": "2024-08", "post_count": 1, "avg_reactions": 3.0, "avg_comments": 0.0, "avg_restacks": 0.0, "avg_reactions_per_1k": 0.3571428571428571, "avg_comments_per_1k": 0.0, "avg_restacks_per_1k": 0.0}, {"month": "2025-07", "post_count": 8, "avg_reactions": 8.375, "avg_comments": 0.75, "avg_restacks": 3.0, "avg_reactions_per_1k": 1.046875, "avg_comments_per_1k": 0.09375, "avg_restacks_per_1k": 0.375}, {"month": "2025-08", "post_count": 11, "avg_reactions": 9.727272727272727, "avg_comments": 2.8181818181818183, "avg_restacks": 1.9090909090909092, "avg_reactions_per_1k": 1.2159090909090908, "avg_comments_per_1k": 0.3522727272727273, "avg_restacks_per_1k": 0.23863636363636365}, {"month": "2025-09", "post_count": 2, "avg_reactions": 2.0, "avg_comments": 0.0, "avg_restacks": 2.5, "avg_reactions_per_1k": 0.25, "avg_comments_per_1k": 0.0, "avg_restacks_per_1k": 0.3125}]}