{"topic": "Polish cuisine", "generated_at": "2025-09-14T12:36:23+00:00", "series": [{"month": "2025-03", "post_count": 1, "avg_reactions": 21.0, "avg_comments": 4.0, "avg_restacks": 2.0, "avg_reactions_per_1k": 4.285714285714286, "avg_comments_per_1k": 0.8163265306122449, "avg_restacks_per_1k": 0.40816326530612246}]}