{"topic": "Police Brutality", "generated_at": "2025-09-14T12:36:23+00:00", "series": [{"month": "2025-07", "post_count": 1, "avg_reactions": 40.0, "avg_comments": 14.0, "avg_restacks": 10.0, "avg_reactions_per_1k": 17.391304347826086, "avg_comments_per_1k": 6.08695652173913, "avg_restacks_per_1k": 4.3478260869565215}, {"month": "2025-08", "post_count": 3, "avg_reactions": 19.666666666666668, "avg_comments": 5.333333333333333, "avg_restacks": 3.0, "avg_reactions_per_1k": 8.550724637681158, "avg_comments_per_1k": 2.318840579710145, "avg_restacks_per_1k": 1.3043478260869565}]}