{"topic": "Populism", "generated_at": "2025-09-14T12:36:23+00:00", "series": [{"month": "2025-08", "post_count": 1, "avg_reactions": 31.0, "avg_comments": 8.0, "avg_restacks": 5.0, "avg_reactions_per_1k": 0.6458333333333333, "avg_comments_per_1k": 0.16666666666666666, "avg_restacks_per_1k": 0.10416666666666666}]}