{"topic": "Pork", "generated_at": "2025-09-14T12:36:23+00:00", "series": [{"month": "2025-03", "post_count": 1, "avg_reactions": 1.0, "avg_comments": 4.0, "avg_restacks": 1.0, "avg_reactions_per_1k": 0.18518518518518517, "avg_comments_per_1k": 0.7407407407407407, "avg_restacks_per_1k": 0.18518518518518517}, {"month": "2025-06", "post_count": 1, "avg_reactions": 10.0, "avg_comments": 0.0, "avg_restacks": 0.0, "avg_reactions_per_1k": 0.0, "avg_comments_per_1k": 0.0, "avg_restacks_per_1k": 0.0}, {"month": "2025-07", "post_count": 2, "avg_reactions": 12.0, "avg_comments": 3.0, "avg_restacks": 3.0, "avg_reactions_per_1k": 0.975609756097561, "avg_comments_per_1k": 0.0, "avg_restacks_per_1k": 0.12195121951219512}, {"month": "2025-09", "post_count": 2, "avg_reactions": 10.0, "avg_comments": 1.0, "avg_restacks": 1.0, "avg_reactions_per_1k": 0.47919655667144906, "avg_comments_per_1k": 0.029411764705882353, "avg_restacks_per_1k": 0.07568149210903874}]}