{"topic": "Predictions", "generated_at": "2025-09-14T12:36:23+00:00", "series": [{"month": "2025-06", "post_count": 1, "avg_reactions": 13.0, "avg_comments": 6.0, "avg_restacks": 3.0, "avg_reactions_per_1k": 1.4130434782608696, "avg_comments_per_1k": 0.6521739130434783, "avg_restacks_per_1k": 0.32608695652173914}, {"month": "2025-07", "post_count": 2, "avg_reactions": 12.5, "avg_comments": 7.5, "avg_restacks": 0.5, "avg_reactions_per_1k": 1.358695652173913, "avg_comments_per_1k": 0.8152173913043478, "avg_restacks_per_1k": 0.05434782608695652}, {"month": "2025-08", "post_count": 6, "avg_reactions": 8.333333333333334, "avg_comments": 13.5, "avg_restacks": 0.16666666666666666, "avg_reactions_per_1k": 2.653288740245262, "avg_comments_per_1k": 5.1923076923076925, "avg_restacks_per_1k": 0.018115942028985508}, {"month": "2025-09", "post_count": 3, "avg_reactions": 8.666666666666666, "avg_comments": 2.6666666666666665, "avg_restacks": 0.6666666666666666, "avg_reactions_per_1k": 2.229654403567447, "avg_comments_per_1k": 0.5657748049052397, "avg_restacks_per_1k": 0.07246376811594203}]}