{"topic": "Price Forecasting", "generated_at": "2025-09-14T12:36:23+00:00", "series": [{"month": "2019-04", "post_count": 1, "avg_reactions": 0.0, "avg_comments": 0.0, "avg_restacks": 0.0, "avg_reactions_per_1k": 0.0, "avg_comments_per_1k": 0.0, "avg_restacks_per_1k": 0.0}, {"month": "2025-08", "post_count": 24, "avg_reactions": 8.166666666666666, "avg_comments": 7.583333333333333, "avg_restacks": 0.0, "avg_reactions_per_1k": 11.99216837983358, "avg_comments_per_1k": 11.13558492413118, "avg_restacks_per_1k": 0.0}, {"month": "2025-09", "post_count": 14, "avg_reactions": 7.928571428571429, "avg_comments": 6.142857142857143, "avg_restacks": 0.35714285714285715, "avg_reactions_per_1k": 11.642542479546886, "avg_comments_per_1k": 9.020348227396687, "avg_restacks_per_1k": 0.5244388504300399}]}