{"topic": "Private Markets", "generated_at": "2025-09-14T12:36:23+00:00", "series": [{"month": "2025-05", "post_count": 2, "avg_reactions": 7.0, "avg_comments": 6.5, "avg_restacks": 1.0, "avg_reactions_per_1k": 1.1475409836065573, "avg_comments_per_1k": 1.0655737704918031, "avg_restacks_per_1k": 0.16393442622950818}, {"month": "2025-06", "post_count": 5, "avg_reactions": 11.6, "avg_comments": 3.8, "avg_restacks": 1.6, "avg_reactions_per_1k": 1.901639344262295, "avg_comments_per_1k": 0.6229508196721312, "avg_restacks_per_1k": 0.2622950819672131}, {"month": "2025-07", "post_count": 5, "avg_reactions": 9.6, "avg_comments": 0.8, "avg_restacks": 2.0, "avg_reactions_per_1k": 1.5737704918032784, "avg_comments_per_1k": 0.13114754098360654, "avg_restacks_per_1k": 0.32786885245901637}, {"month": "2025-08", "post_count": 7, "avg_reactions": 16.714285714285715, "avg_comments": 3.2857142857142856, "avg_restacks": 0.8571428571428571, "avg_reactions_per_1k": 11.314046862568793, "avg_comments_per_1k": 4.580042075179613, "avg_restacks_per_1k": 1.756440281030445}]}