{"topic": "Process Automation", "generated_at": "2025-09-14T12:36:23+00:00", "series": [{"month": "2025-07", "post_count": 4, "avg_reactions": 11.75, "avg_comments": 3.25, "avg_restacks": 1.5, "avg_reactions_per_1k": 1.25, "avg_comments_per_1k": 0.34574468085106386, "avg_restacks_per_1k": 0.1595744680851064}, {"month": "2025-08", "post_count": 2, "avg_reactions": 17.0, "avg_comments": 8.0, "avg_restacks": 3.0, "avg_reactions_per_1k": 1.8085106382978724, "avg_comments_per_1k": 0.851063829787234, "avg_restacks_per_1k": 0.3191489361702128}]}