{"topic": "Product Growth", "generated_at": "2025-09-14T12:36:23+00:00", "series": [{"month": "2025-06", "post_count": 2, "avg_reactions": 8.0, "avg_comments": 1.0, "avg_restacks": 2.0, "avg_reactions_per_1k": 0.3333333333333333, "avg_comments_per_1k": 0.041666666666666664, "avg_restacks_per_1k": 0.08333333333333333}, {"month": "2025-07", "post_count": 1, "avg_reactions": 7.0, "avg_comments": 3.0, "avg_restacks": 1.0, "avg_reactions_per_1k": 0.29166666666666663, "avg_comments_per_1k": 0.125, "avg_restacks_per_1k": 0.041666666666666664}]}