{"topic": "Product Discovery", "generated_at": "2025-09-14T12:36:23+00:00", "series": [{"month": "2025-04", "post_count": 2, "avg_reactions": 61.5, "avg_comments": 7.5, "avg_restacks": 6.5, "avg_reactions_per_1k": 0.5082644628099173, "avg_comments_per_1k": 0.06198347107438017, "avg_restacks_per_1k": 0.05371900826446281}, {"month": "2025-05", "post_count": 2, "avg_reactions": 26.5, "avg_comments": 0.0, "avg_restacks": 6.0, "avg_reactions_per_1k": 2.040495867768595, "avg_comments_per_1k": 0.0, "avg_restacks_per_1k": 1.0082644628099173}, {"month": "2025-07", "post_count": 2, "avg_reactions": 8.5, "avg_comments": 2.5, "avg_restacks": 0.0, "avg_reactions_per_1k": 4.473684210526316, "avg_comments_per_1k": 1.3157894736842104, "avg_restacks_per_1k": 0.0}, {"month": "2025-08", "post_count": 1, "avg_reactions": 73.0, "avg_comments": 33.0, "avg_restacks": 8.0, "avg_reactions_per_1k": 11.587301587301587, "avg_comments_per_1k": 5.238095238095238, "avg_restacks_per_1k": 1.2698412698412698}]}