{"topic": "Professional Integrity", "generated_at": "2025-09-14T12:36:23+00:00", "series": [{"month": "2025-07", "post_count": 2, "avg_reactions": 28.5, "avg_comments": 5.5, "avg_restacks": 1.0, "avg_reactions_per_1k": 3.7318840579710146, "avg_comments_per_1k": 0.2391304347826087, "avg_restacks_per_1k": 0.3550724637681159}, {"month": "2025-08", "post_count": 7, "avg_reactions": 154.42857142857142, "avg_comments": 18.142857142857142, "avg_restacks": 29.857142857142858, "avg_reactions_per_1k": 10.6, "avg_comments_per_1k": 5.685714285714285, "avg_restacks_per_1k": 0.9619047619047618}, {"month": "2025-09", "post_count": 3, "avg_reactions": 567.3333333333334, "avg_comments": 114.33333333333333, "avg_restacks": 96.66666666666667, "avg_reactions_per_1k": 4.775213675213675, "avg_comments_per_1k": 2.5068376068376064, "avg_restacks_per_1k": 0.4692307692307692}]}