{"topic": "Programming Languages", "generated_at": "2025-09-14T12:36:23+00:00", "series": [{"month": "2025-06", "post_count": 2, "avg_reactions": 30.0, "avg_comments": 5.5, "avg_restacks": 1.5, "avg_reactions_per_1k": 0.24793388429752067, "avg_comments_per_1k": 0.045454545454545456, "avg_restacks_per_1k": 0.012396694214876033}, {"month": "2025-08", "post_count": 5, "avg_reactions": 15.4, "avg_comments": 2.0, "avg_restacks": 2.8, "avg_reactions_per_1k": 0.12396694214876033, "avg_comments_per_1k": 0.049586776859504134, "avg_restacks_per_1k": 0.008264462809917356}, {"month": "2025-09", "post_count": 1, "avg_reactions": 18.0, "avg_comments": 0.0, "avg_restacks": 5.0, "avg_reactions_per_1k": 0.0, "avg_comments_per_1k": 0.0, "avg_restacks_per_1k": 0.0}]}