{"topic": "Progressive Corporation", "generated_at": "2025-09-14T12:36:23+00:00", "series": [{"month": "2025-04", "post_count": 1, "avg_reactions": 6.0, "avg_comments": 8.0, "avg_restacks": 2.0, "avg_reactions_per_1k": 12.295081967213115, "avg_comments_per_1k": 16.39344262295082, "avg_restacks_per_1k": 4.098360655737705}, {"month": "2025-05", "post_count": 1, "avg_reactions": 8.0, "avg_comments": 11.0, "avg_restacks": 2.0, "avg_reactions_per_1k": 16.39344262295082, "avg_comments_per_1k": 22.540983606557376, "avg_restacks_per_1k": 4.098360655737705}, {"month": "2025-07", "post_count": 2, "avg_reactions": 12.0, "avg_comments": 2.5, "avg_restacks": 1.5, "avg_reactions_per_1k": 24.59016393442623, "avg_comments_per_1k": 5.1229508196721305, "avg_restacks_per_1k": 3.0737704918032787}]}