{"topic": "property & casualty", "generated_at": "2025-09-14T12:36:23+00:00", "series": [{"month": "2025-04", "post_count": 3, "avg_reactions": 7.666666666666667, "avg_comments": 5.333333333333333, "avg_restacks": 2.3333333333333335, "avg_reactions_per_1k": 15.710382513661202, "avg_comments_per_1k": 10.92896174863388, "avg_restacks_per_1k": 4.781420765027322}, {"month": "2025-07", "post_count": 2, "avg_reactions": 12.0, "avg_comments": 2.5, "avg_restacks": 1.5, "avg_reactions_per_1k": 24.59016393442623, "avg_comments_per_1k": 5.1229508196721305, "avg_restacks_per_1k": 3.0737704918032787}]}