{"topic": "Prospects", "generated_at": "2025-09-14T12:36:23+00:00", "series": [{"month": "2025-07", "post_count": 2, "avg_reactions": 21.0, "avg_comments": 4.0, "avg_restacks": 1.5, "avg_reactions_per_1k": 5.833333333333334, "avg_comments_per_1k": 1.1111111111111112, "avg_restacks_per_1k": 0.4166666666666667}, {"month": "2025-08", "post_count": 1, "avg_reactions": 18.0, "avg_comments": 2.0, "avg_restacks": 0.0, "avg_reactions_per_1k": 5.0, "avg_comments_per_1k": 0.5555555555555556, "avg_restacks_per_1k": 0.0}]}