{"topic": "Public Lands", "generated_at": "2025-09-14T12:36:23+00:00", "series": [{"month": "2025-08", "post_count": 1, "avg_reactions": 75.0, "avg_comments": 0.0, "avg_restacks": 29.0, "avg_reactions_per_1k": 2.142857142857143, "avg_comments_per_1k": 0.0, "avg_restacks_per_1k": 0.8285714285714285}]}