{"topic": "Puerto Rico", "generated_at": "2025-09-14T12:36:23+00:00", "series": [{"month": "2025-07", "post_count": 2, "avg_reactions": 50.5, "avg_comments": 4.5, "avg_restacks": 3.5, "avg_reactions_per_1k": 4.550298380221654, "avg_comments_per_1k": 0.38491048593350385, "avg_restacks_per_1k": 0.5630861040068201}]}