{"topic": "Puzzles", "generated_at": "2025-09-14T12:36:23+00:00", "series": [{"month": "2025-07", "post_count": 3, "avg_reactions": 17.333333333333332, "avg_comments": 0.0, "avg_restacks": 0.3333333333333333, "avg_reactions_per_1k": 0.08798646362098138, "avg_comments_per_1k": 0.0, "avg_restacks_per_1k": 0.001692047377326565}]}