{"topic": "quality", "generated_at": "2025-09-14T12:36:23+00:00", "series": [{"month": "2025-03", "post_count": 1, "avg_reactions": 14.0, "avg_comments": 2.0, "avg_restacks": 1.0, "avg_reactions_per_1k": 2.333333333333333, "avg_comments_per_1k": 0.3333333333333333, "avg_restacks_per_1k": 0.16666666666666666}]}