{"topic": "Queens", "generated_at": "2025-09-14T12:36:23+00:00", "series": [{"month": "2025-02", "post_count": 2, "avg_reactions": 24.5, "avg_comments": 1.0, "avg_restacks": 2.5, "avg_reactions_per_1k": 5.833333333333333, "avg_comments_per_1k": 0.23809523809523808, "avg_restacks_per_1k": 0.5952380952380951}, {"month": "2025-03", "post_count": 2, "avg_reactions": 10.5, "avg_comments": 1.0, "avg_restacks": 1.0, "avg_reactions_per_1k": 2.5, "avg_comments_per_1k": 0.23809523809523808, "avg_restacks_per_1k": 0.23809523809523808}]}