{"topic": "Race Analysis", "generated_at": "2025-09-14T12:36:23+00:00", "series": [{"month": "2025-08", "post_count": 5, "avg_reactions": 13.4, "avg_comments": 1.0, "avg_restacks": 0.8, "avg_reactions_per_1k": 2.0615384615384618, "avg_comments_per_1k": 0.15384615384615385, "avg_restacks_per_1k": 0.12307692307692308}]}