{"topic": "Ratatouille", "generated_at": "2025-09-14T12:36:23+00:00", "series": [{"month": "2025-06", "post_count": 1, "avg_reactions": 34.0, "avg_comments": 8.0, "avg_restacks": 3.0, "avg_reactions_per_1k": 3.4000000000000004, "avg_comments_per_1k": 0.8, "avg_restacks_per_1k": 0.30000000000000004}]}