{"topic": "Recipes You Should Know", "generated_at": "2025-09-14T12:36:23+00:00", "series": [{"month": "2025-04", "post_count": 4, "avg_reactions": 36.5, "avg_comments": 0.0, "avg_restacks": 4.25, "avg_reactions_per_1k": 2.807692307692308, "avg_comments_per_1k": 0.0, "avg_restacks_per_1k": 0.326923076923077}, {"month": "2025-06", "post_count": 1, "avg_reactions": 35.0, "avg_comments": 7.0, "avg_restacks": 1.0, "avg_reactions_per_1k": 2.6923076923076925, "avg_comments_per_1k": 0.5384615384615385, "avg_restacks_per_1k": 0.07692307692307693}]}