{"topic": "renovation", "generated_at": "2025-09-14T12:36:23+00:00", "series": [{"month": "2025-06", "post_count": 1, "avg_reactions": 35.0, "avg_comments": 55.0, "avg_restacks": 0.0, "avg_reactions_per_1k": 1.3461538461538463, "avg_comments_per_1k": 2.1153846153846154, "avg_restacks_per_1k": 0.0}]}