{"topic": "Report Cards", "generated_at": "2025-09-14T12:36:23+00:00", "series": [{"month": "2025-07", "post_count": 3, "avg_reactions": 15.0, "avg_comments": 11.333333333333334, "avg_restacks": 1.0, "avg_reactions_per_1k": 1.6304347826086956, "avg_comments_per_1k": 1.2318840579710144, "avg_restacks_per_1k": 0.10869565217391304}, {"month": "2025-08", "post_count": 3, "avg_reactions": 11.333333333333334, "avg_comments": 8.666666666666666, "avg_restacks": 0.6666666666666666, "avg_reactions_per_1k": 1.2318840579710144, "avg_comments_per_1k": 0.9420289855072465, "avg_restacks_per_1k": 0.07246376811594203}, {"month": "2025-09", "post_count": 1, "avg_reactions": 12.0, "avg_comments": 2.0, "avg_restacks": 1.0, "avg_reactions_per_1k": 1.3043478260869565, "avg_comments_per_1k": 0.21739130434782608, "avg_restacks_per_1k": 0.10869565217391304}]}