{"topic": "Republican", "generated_at": "2025-09-14T12:36:23+00:00", "series": [{"month": "2025-08", "post_count": 3, "avg_reactions": 135.33333333333334, "avg_comments": 35.666666666666664, "avg_restacks": 24.666666666666668, "avg_reactions_per_1k": 0.9941520467836257, "avg_comments_per_1k": 0.13450292397660818, "avg_restacks_per_1k": 0.21637426900584794}]}