{"topic": "Republicans", "generated_at": "2025-09-14T12:36:23+00:00", "series": [{"month": "2025-06", "post_count": 2, "avg_reactions": 59.0, "avg_comments": 24.5, "avg_restacks": 13.0, "avg_reactions_per_1k": 0.34502923976608185, "avg_comments_per_1k": 0.14327485380116958, "avg_restacks_per_1k": 0.07602339181286549}, {"month": "2025-07", "post_count": 2, "avg_reactions": 6.0, "avg_comments": 1.0, "avg_restacks": 3.0, "avg_reactions_per_1k": 2.5, "avg_comments_per_1k": 0.4166666666666667, "avg_restacks_per_1k": 1.25}, {"month": "2025-08", "post_count": 7, "avg_reactions": 78.28571428571429, "avg_comments": 27.857142857142858, "avg_restacks": 14.0, "avg_reactions_per_1k": 1.8682384282384281, "avg_comments_per_1k": 0.8791898505534869, "avg_restacks_per_1k": 0.331529884257157}, {"month": "2025-09", "post_count": 2, "avg_reactions": 75.0, "avg_comments": 25.0, "avg_restacks": 9.0, "avg_reactions_per_1k": 1.5625, "avg_comments_per_1k": 0.5208333333333333, "avg_restacks_per_1k": 0.1875}]}