{"topic": "Resilience", "generated_at": "2025-09-14T12:36:23+00:00", "series": [{"month": "2025-06", "post_count": 1, "avg_reactions": 22.0, "avg_comments": 4.0, "avg_restacks": 2.0, "avg_reactions_per_1k": 0.5238095238095237, "avg_comments_per_1k": 0.09523809523809523, "avg_restacks_per_1k": 0.047619047619047616}, {"month": "2025-08", "post_count": 1, "avg_reactions": 33.0, "avg_comments": 8.0, "avg_restacks": 3.0, "avg_reactions_per_1k": 0.7857142857142857, "avg_comments_per_1k": 0.19047619047619047, "avg_restacks_per_1k": 0.07142857142857142}]}