{"topic": "Retro Americana", "generated_at": "2025-09-14T12:36:23+00:00", "series": [{"month": "2025-07", "post_count": 1, "avg_reactions": 21.0, "avg_comments": 38.0, "avg_restacks": 5.0, "avg_reactions_per_1k": 0.9130434782608695, "avg_comments_per_1k": 1.6521739130434783, "avg_restacks_per_1k": 0.21739130434782608}, {"month": "2025-08", "post_count": 2, "avg_reactions": 20.0, "avg_comments": 10.5, "avg_restacks": 1.0, "avg_reactions_per_1k": 0.8695652173913043, "avg_comments_per_1k": 0.45652173913043476, "avg_restacks_per_1k": 0.043478260869565216}]}