{"topic": "Right-to-Repair", "generated_at": "2025-09-14T12:36:23+00:00", "series": [{"month": "2025-02", "post_count": 1, "avg_reactions": 100.0, "avg_comments": 30.0, "avg_restacks": 2.0, "avg_reactions_per_1k": 4.3478260869565215, "avg_comments_per_1k": 1.3043478260869565, "avg_restacks_per_1k": 0.08695652173913043}, {"month": "2025-03", "post_count": 1, "avg_reactions": 1.0, "avg_comments": 0.0, "avg_restacks": 0.0, "avg_reactions_per_1k": 0.3125, "avg_comments_per_1k": 0.0, "avg_restacks_per_1k": 0.0}, {"month": "2025-06", "post_count": 1, "avg_reactions": 22.0, "avg_comments": 0.0, "avg_restacks": 1.0, "avg_reactions_per_1k": 0.5945945945945946, "avg_comments_per_1k": 0.0, "avg_restacks_per_1k": 0.02702702702702703}, {"month": "2025-07", "post_count": 1, "avg_reactions": 9.0, "avg_comments": 0.0, "avg_restacks": 1.0, "avg_reactions_per_1k": 0.24324324324324326, "avg_comments_per_1k": 0.0, "avg_restacks_per_1k": 0.02702702702702703}]}