{"topic": "Robert F. Kennedy Jr.", "generated_at": "2025-09-14T12:36:23+00:00", "series": [{"month": "2025-08", "post_count": 1, "avg_reactions": 308.0, "avg_comments": 2.0, "avg_restacks": 33.0, "avg_reactions_per_1k": 1.9012345679012346, "avg_comments_per_1k": 0.012345679012345678, "avg_restacks_per_1k": 0.2037037037037037}, {"month": "2025-09", "post_count": 3, "avg_reactions": 133.66666666666666, "avg_comments": 21.666666666666668, "avg_restacks": 45.666666666666664, "avg_reactions_per_1k": 4.232348804500703, "avg_comments_per_1k": 0.7222222222222222, "avg_restacks_per_1k": 1.4834036568213784}]}