{"topic": "Rohingya", "generated_at": "2025-09-14T12:36:23+00:00", "series": [{"month": "2025-08", "post_count": 1, "avg_reactions": 311.0, "avg_comments": 25.0, "avg_restacks": 64.0, "avg_reactions_per_1k": 0.6731601731601732, "avg_comments_per_1k": 0.05411255411255411, "avg_restacks_per_1k": 0.13852813852813853}]}