{"topic": "Rural", "generated_at": "2025-09-14T12:36:23+00:00", "series": [{"month": "2024-08", "post_count": 1, "avg_reactions": 2.0, "avg_comments": 0.0, "avg_restacks": 0.0, "avg_reactions_per_1k": 0.03636363636363636, "avg_comments_per_1k": 0.0, "avg_restacks_per_1k": 0.0}, {"month": "2025-08", "post_count": 3, "avg_reactions": 107.33333333333333, "avg_comments": 65.0, "avg_restacks": 30.666666666666668, "avg_reactions_per_1k": 10.733333333333334, "avg_comments_per_1k": 6.5, "avg_restacks_per_1k": 3.0666666666666664}, {"month": "2025-09", "post_count": 2, "avg_reactions": 17.0, "avg_comments": 6.5, "avg_restacks": 6.5, "avg_reactions_per_1k": 1.7000000000000002, "avg_comments_per_1k": 0.65, "avg_restacks_per_1k": 0.6500000000000001}]}