{"topic": "Sailing", "generated_at": "2025-09-14T12:36:23+00:00", "series": [{"month": "2025-07", "post_count": 6, "avg_reactions": 6.666666666666667, "avg_comments": 16.0, "avg_restacks": 0.0, "avg_reactions_per_1k": 0.8076923076923077, "avg_comments_per_1k": 3.6153846153846154, "avg_restacks_per_1k": 0.0}, {"month": "2025-08", "post_count": 26, "avg_reactions": 9.076923076923077, "avg_comments": 10.653846153846153, "avg_restacks": 0.19230769230769232, "avg_reactions_per_1k": 1.3461538461538463, "avg_comments_per_1k": 1.8923076923076922, "avg_restacks_per_1k": 0.007692307692307693}, {"month": "2025-09", "post_count": 9, "avg_reactions": 2.2222222222222223, "avg_comments": 0.2222222222222222, "avg_restacks": 0.1111111111111111, "avg_reactions_per_1k": 0.0, "avg_comments_per_1k": 0.0, "avg_restacks_per_1k": 0.0}]}