{"topic": "Salad", "generated_at": "2025-09-14T12:36:23+00:00", "series": [{"month": "2025-04", "post_count": 1, "avg_reactions": 38.0, "avg_comments": 0.0, "avg_restacks": 1.0, "avg_reactions_per_1k": 2.9230769230769234, "avg_comments_per_1k": 0.0, "avg_restacks_per_1k": 0.07692307692307693}, {"month": "2025-06", "post_count": 2, "avg_reactions": 25.5, "avg_comments": 1.0, "avg_restacks": 2.5, "avg_reactions_per_1k": 1.9615384615384617, "avg_comments_per_1k": 0.07692307692307693, "avg_restacks_per_1k": 0.19230769230769232}, {"month": "2025-07", "post_count": 1, "avg_reactions": 19.0, "avg_comments": 2.0, "avg_restacks": 1.0, "avg_reactions_per_1k": 1.4615384615384617, "avg_comments_per_1k": 0.15384615384615385, "avg_restacks_per_1k": 0.07692307692307693}, {"month": "2025-08", "post_count": 1, "avg_reactions": 52.0, "avg_comments": 2.0, "avg_restacks": 1.0, "avg_reactions_per_1k": 6.582278481012659, "avg_comments_per_1k": 0.25316455696202533, "avg_restacks_per_1k": 0.12658227848101267}]}