{"topic": "Salmon", "generated_at": "2025-09-14T12:36:23+00:00", "series": [{"month": "2025-04", "post_count": 1, "avg_reactions": 4.0, "avg_comments": 5.0, "avg_restacks": 0.0, "avg_reactions_per_1k": 0.23529411764705882, "avg_comments_per_1k": 0.29411764705882354, "avg_restacks_per_1k": 0.0}, {"month": "2025-08", "post_count": 3, "avg_reactions": 7.666666666666667, "avg_comments": 0.0, "avg_restacks": 0.6666666666666666, "avg_reactions_per_1k": 0.8850401606425703, "avg_comments_per_1k": 0.0, "avg_restacks_per_1k": 0.08032128514056225}]}