{"topic": "Sandwich", "generated_at": "2025-09-14T12:36:23+00:00", "series": [{"month": "2025-06", "post_count": 1, "avg_reactions": 55.0, "avg_comments": 15.0, "avg_restacks": 2.0, "avg_reactions_per_1k": 6.962025316455697, "avg_comments_per_1k": 1.89873417721519, "avg_restacks_per_1k": 0.25316455696202533}]}