{"topic": "Sausage", "generated_at": "2025-09-14T12:36:23+00:00", "series": [{"month": "2025-03", "post_count": 1, "avg_reactions": 21.0, "avg_comments": 4.0, "avg_restacks": 2.0, "avg_reactions_per_1k": 4.285714285714286, "avg_comments_per_1k": 0.8163265306122449, "avg_restacks_per_1k": 0.40816326530612246}, {"month": "2025-06", "post_count": 1, "avg_reactions": 2.0, "avg_comments": 0.0, "avg_restacks": 0.0, "avg_reactions_per_1k": 0.0, "avg_comments_per_1k": 0.0, "avg_restacks_per_1k": 0.0}, {"month": "2025-07", "post_count": 2, "avg_reactions": 17.0, "avg_comments": 2.0, "avg_restacks": 1.0, "avg_reactions_per_1k": 0.7223230490018149, "avg_comments_per_1k": 0.06896551724137931, "avg_restacks_per_1k": 0.043557168784029036}]}