{"topic": "Screenwriting", "generated_at": "2025-09-14T12:36:23+00:00", "series": [{"month": "2025-08", "post_count": 3, "avg_reactions": 109.0, "avg_comments": 33.0, "avg_restacks": 12.0, "avg_reactions_per_1k": 35.16129032258064, "avg_comments_per_1k": 10.645161290322582, "avg_restacks_per_1k": 3.870967741935484}]}