{"topic": "SEC", "generated_at": "2025-09-14T12:36:23+00:00", "series": [{"month": "2025-07", "post_count": 2, "avg_reactions": 6.0, "avg_comments": 13.5, "avg_restacks": 0.5, "avg_reactions_per_1k": 2.307692307692308, "avg_comments_per_1k": 5.1923076923076925, "avg_restacks_per_1k": 0.19230769230769232}, {"month": "2025-08", "post_count": 2, "avg_reactions": 21.0, "avg_comments": 8.5, "avg_restacks": 0.0, "avg_reactions_per_1k": 1.5221445221445222, "avg_comments_per_1k": 3.2692307692307696, "avg_restacks_per_1k": 0.0}, {"month": "2025-09", "post_count": 1, "avg_reactions": 9.0, "avg_comments": 11.0, "avg_restacks": 0.0, "avg_reactions_per_1k": 3.4615384615384617, "avg_comments_per_1k": 4.230769230769231, "avg_restacks_per_1k": 0.0}]}