{"topic": "Second Amendment", "generated_at": "2025-09-14T12:36:23+00:00", "series": [{"month": "2025-06", "post_count": 1, "avg_reactions": 66.0, "avg_comments": 37.0, "avg_restacks": 12.0, "avg_reactions_per_1k": 5.5, "avg_comments_per_1k": 3.083333333333333, "avg_restacks_per_1k": 1.0}, {"month": "2025-08", "post_count": 3, "avg_reactions": 925.0, "avg_comments": 164.0, "avg_restacks": 182.66666666666666, "avg_reactions_per_1k": 5.841849412723199, "avg_comments_per_1k": 1.194567783888172, "avg_restacks_per_1k": 1.0351988895678217}, {"month": "2025-09", "post_count": 1, "avg_reactions": 42.0, "avg_comments": 10.0, "avg_restacks": 16.0, "avg_reactions_per_1k": 1.4, "avg_comments_per_1k": 0.3333333333333333, "avg_restacks_per_1k": 0.5333333333333333}]}