{"topic": "Self", "generated_at": "2025-09-14T12:36:23+00:00", "series": [{"month": "2025-03", "post_count": 1, "avg_reactions": 55.0, "avg_comments": 12.0, "avg_restacks": 7.0, "avg_reactions_per_1k": 5.5, "avg_comments_per_1k": 1.2000000000000002, "avg_restacks_per_1k": 0.7000000000000001}, {"month": "2025-05", "post_count": 1, "avg_reactions": 71.0, "avg_comments": 18.0, "avg_restacks": 6.0, "avg_reactions_per_1k": 7.1000000000000005, "avg_comments_per_1k": 1.8, "avg_restacks_per_1k": 0.6000000000000001}, {"month": "2025-06", "post_count": 1, "avg_reactions": 42.0, "avg_comments": 19.0, "avg_restacks": 4.0, "avg_reactions_per_1k": 2.2105263157894735, "avg_comments_per_1k": 1.0, "avg_restacks_per_1k": 0.21052631578947367}]}