{"topic": "September 11th", "generated_at": "2025-09-14T12:36:23+00:00", "series": [{"month": "2023-09", "post_count": 1, "avg_reactions": 3.0, "avg_comments": 0.0, "avg_restacks": 0.0, "avg_reactions_per_1k": 7.653061224489796, "avg_comments_per_1k": 0.0, "avg_restacks_per_1k": 0.0}, {"month": "2025-09", "post_count": 2, "avg_reactions": 13.0, "avg_comments": 3.0, "avg_restacks": 4.0, "avg_reactions_per_1k": 5.406003159557662, "avg_comments_per_1k": 0.16666666666666666, "avg_restacks_per_1k": 7.247893628225382}]}