{"topic": "September 11 Attacks", "generated_at": "2025-09-14T12:36:23+00:00", "series": [{"month": "2025-07", "post_count": 1, "avg_reactions": 114.0, "avg_comments": 20.0, "avg_restacks": 17.0, "avg_reactions_per_1k": 5.428571428571428, "avg_comments_per_1k": 0.9523809523809523, "avg_restacks_per_1k": 0.8095238095238095}]}