{"topic": "Serbia", "generated_at": "2025-09-14T12:36:23+00:00", "series": [{"month": "2025-08", "post_count": 1, "avg_reactions": 15.0, "avg_comments": 0.0, "avg_restacks": 1.0, "avg_reactions_per_1k": 3.125, "avg_comments_per_1k": 0.0, "avg_restacks_per_1k": 0.20833333333333334}, {"month": "2025-09", "post_count": 1, "avg_reactions": 27.0, "avg_comments": 21.0, "avg_restacks": 3.0, "avg_reactions_per_1k": 3.9130434782608696, "avg_comments_per_1k": 3.0434782608695654, "avg_restacks_per_1k": 0.4347826086956522}]}