{"topic": "Series", "generated_at": "2025-09-14T12:36:23+00:00", "series": [{"month": "2025-08", "post_count": 3, "avg_reactions": 10.666666666666666, "avg_comments": 1.3333333333333333, "avg_restacks": 1.0, "avg_reactions_per_1k": 0.5614035087719298, "avg_comments_per_1k": 0.07017543859649122, "avg_restacks_per_1k": 0.05263157894736842}]}