{"topic": "set objectives", "generated_at": "2025-09-14T12:36:23+00:00", "series": [{"month": "2025-08", "post_count": 2, "avg_reactions": 14.0, "avg_comments": 4.5, "avg_restacks": 0.5, "avg_reactions_per_1k": 0.7368421052631579, "avg_comments_per_1k": 0.23684210526315788, "avg_restacks_per_1k": 0.02631578947368421}]}