{"topic": "Shipping", "generated_at": "2025-09-14T12:36:23+00:00", "series": [{"month": "2025-06", "post_count": 2, "avg_reactions": 7.5, "avg_comments": 1.0, "avg_restacks": 2.5, "avg_reactions_per_1k": 0.6818181818181818, "avg_comments_per_1k": 0.09090909090909091, "avg_restacks_per_1k": 0.2272727272727273}, {"month": "2025-07", "post_count": 4, "avg_reactions": 6.75, "avg_comments": 0.75, "avg_restacks": 0.25, "avg_reactions_per_1k": 4.265151515151515, "avg_comments_per_1k": 1.8939393939393938, "avg_restacks_per_1k": 0.022727272727272728}, {"month": "2025-08", "post_count": 8, "avg_reactions": 288.375, "avg_comments": 38.125, "avg_restacks": 50.375, "avg_reactions_per_1k": 4.258085025947692, "avg_comments_per_1k": 2.9783760118975087, "avg_restacks_per_1k": 0.15213338144825928}]}