{"topic": "Slavery", "generated_at": "2025-09-14T12:36:23+00:00", "series": [{"month": "2025-08", "post_count": 1, "avg_reactions": 516.0, "avg_comments": 104.0, "avg_restacks": 61.0, "avg_reactions_per_1k": 1.4373259052924792, "avg_comments_per_1k": 0.28969359331476324, "avg_restacks_per_1k": 0.16991643454038996}]}