{"topic": "soccer history", "generated_at": "2025-09-14T12:36:23+00:00", "series": [{"month": "2025-06", "post_count": 1, "avg_reactions": 15.0, "avg_comments": 2.0, "avg_restacks": 3.0, "avg_reactions_per_1k": 3.260869565217391, "avg_comments_per_1k": 0.43478260869565216, "avg_restacks_per_1k": 0.6521739130434783}, {"month": "2025-07", "post_count": 9, "avg_reactions": 22.0, "avg_comments": 0.4444444444444444, "avg_restacks": 3.3333333333333335, "avg_reactions_per_1k": 4.782608695652174, "avg_comments_per_1k": 0.0966183574879227, "avg_restacks_per_1k": 0.7246376811594203}, {"month": "2025-08", "post_count": 12, "avg_reactions": 18.666666666666668, "avg_comments": 0.3333333333333333, "avg_restacks": 3.25, "avg_reactions_per_1k": 4.057971014492754, "avg_comments_per_1k": 0.07246376811594203, "avg_restacks_per_1k": 0.7065217391304347}, {"month": "2025-09", "post_count": 6, "avg_reactions": 18.0, "avg_comments": 0.6666666666666666, "avg_restacks": 2.5, "avg_reactions_per_1k": 3.9130434782608696, "avg_comments_per_1k": 0.14492753623188406, "avg_restacks_per_1k": 0.5434782608695652}]}