{"topic": "Societal Trends", "generated_at": "2025-09-14T12:36:23+00:00", "series": [{"month": "2025-04", "post_count": 1, "avg_reactions": 51.0, "avg_comments": 2.0, "avg_restacks": 6.0, "avg_reactions_per_1k": 2.4285714285714284, "avg_comments_per_1k": 0.09523809523809523, "avg_restacks_per_1k": 0.2857142857142857}, {"month": "2025-05", "post_count": 6, "avg_reactions": 30.166666666666668, "avg_comments": 1.6666666666666667, "avg_restacks": 2.8333333333333335, "avg_reactions_per_1k": 1.4365079365079365, "avg_comments_per_1k": 0.07936507936507936, "avg_restacks_per_1k": 0.1349206349206349}, {"month": "2025-06", "post_count": 1, "avg_reactions": 29.0, "avg_comments": 0.0, "avg_restacks": 3.0, "avg_reactions_per_1k": 1.380952380952381, "avg_comments_per_1k": 0.0, "avg_restacks_per_1k": 0.14285714285714285}]}