{"topic": "Solana", "generated_at": "2025-09-14T12:36:23+00:00", "series": [{"month": "2025-08", "post_count": 1, "avg_reactions": 11.0, "avg_comments": 2.0, "avg_restacks": 1.0, "avg_reactions_per_1k": 0.08661417322834646, "avg_comments_per_1k": 0.015748031496062992, "avg_restacks_per_1k": 0.007874015748031496}, {"month": "2025-09", "post_count": 4, "avg_reactions": 4.25, "avg_comments": 0.5, "avg_restacks": 0.25, "avg_reactions_per_1k": 0.033464566929133854, "avg_comments_per_1k": 0.003937007874015748, "avg_restacks_per_1k": 0.001968503937007874}]}