{"topic": "Sport", "generated_at": "2025-09-14T12:36:23+00:00", "series": [{"month": "2025-06", "post_count": 1, "avg_reactions": 1.0, "avg_comments": 0.0, "avg_restacks": 1.0, "avg_reactions_per_1k": 0.3448275862068966, "avg_comments_per_1k": 0.0, "avg_restacks_per_1k": 0.3448275862068966}, {"month": "2025-07", "post_count": 4, "avg_reactions": 7.25, "avg_comments": 5.0, "avg_restacks": 1.75, "avg_reactions_per_1k": 34.70529661016949, "avg_comments_per_1k": 14.124293785310735, "avg_restacks_per_1k": 4.943502824858758}, {"month": "2025-08", "post_count": 54, "avg_reactions": 12.814814814814815, "avg_comments": 14.555555555555555, "avg_restacks": 0.6851851851851852, "avg_reactions_per_1k": 2.0177939363651505, "avg_comments_per_1k": 1.5016038647342995, "avg_restacks_per_1k": 0.1132415458937198}, {"month": "2025-09", "post_count": 21, "avg_reactions": 15.333333333333334, "avg_comments": 57.857142857142854, "avg_restacks": 0.5714285714285714, "avg_reactions_per_1k": 1.8348704435660956, "avg_comments_per_1k": 0.6341677646025473, "avg_restacks_per_1k": 0.1427316644707949}]}