{"topic": "Sports Cards", "generated_at": "2025-09-14T12:36:23+00:00", "series": [{"month": "2025-07", "post_count": 11, "avg_reactions": 1.3636363636363635, "avg_comments": 2.909090909090909, "avg_restacks": 0.0, "avg_reactions_per_1k": 1.7848643503093766, "avg_comments_per_1k": 3.8077106139933363, "avg_restacks_per_1k": 0.0}, {"month": "2025-08", "post_count": 14, "avg_reactions": 2.2857142857142856, "avg_comments": 1.3571428571428572, "avg_restacks": 0.07142857142857142, "avg_reactions_per_1k": 2.6062942293308784, "avg_comments_per_1k": 1.699269317070364, "avg_restacks_per_1k": 0.05494505494505495}, {"month": "2025-09", "post_count": 6, "avg_reactions": 3.6666666666666665, "avg_comments": 1.6666666666666667, "avg_restacks": 0.0, "avg_reactions_per_1k": 4.799301919720768, "avg_comments_per_1k": 2.181500872600349, "avg_restacks_per_1k": 0.0}]}