{"topic": "Spring Recipes", "generated_at": "2025-09-14T12:36:23+00:00", "series": [{"month": "2025-04", "post_count": 1, "avg_reactions": 18.0, "avg_comments": 2.0, "avg_restacks": 0.0, "avg_reactions_per_1k": 2.3684210526315788, "avg_comments_per_1k": 0.2631578947368421, "avg_restacks_per_1k": 0.0}]}