{"topic": "SQL", "generated_at": "2025-09-14T12:36:23+00:00", "series": [{"month": "2024-07", "post_count": 1, "avg_reactions": 110.0, "avg_comments": 6.0, "avg_restacks": 3.0, "avg_reactions_per_1k": 0.9166666666666666, "avg_comments_per_1k": 0.05, "avg_restacks_per_1k": 0.025}, {"month": "2024-08", "post_count": 1, "avg_reactions": 63.0, "avg_comments": 2.0, "avg_restacks": 7.0, "avg_reactions_per_1k": 0.525, "avg_comments_per_1k": 0.016666666666666666, "avg_restacks_per_1k": 0.058333333333333334}, {"month": "2025-03", "post_count": 1, "avg_reactions": 327.0, "avg_comments": 30.0, "avg_restacks": 11.0, "avg_reactions_per_1k": 2.725, "avg_comments_per_1k": 0.25, "avg_restacks_per_1k": 0.09166666666666666}, {"month": "2025-08", "post_count": 1, "avg_reactions": 68.0, "avg_comments": 0.0, "avg_restacks": 7.0, "avg_reactions_per_1k": 0.5666666666666667, "avg_comments_per_1k": 0.0, "avg_restacks_per_1k": 0.058333333333333334}]}