{"topic": "St. Patrick's Day", "generated_at": "2025-09-14T12:36:23+00:00", "series": [{"month": "2025-03", "post_count": 2, "avg_reactions": 14.5, "avg_comments": 3.0, "avg_restacks": 1.0, "avg_reactions_per_1k": 0.28431372549019607, "avg_comments_per_1k": 0.058823529411764705, "avg_restacks_per_1k": 0.0196078431372549}]}