{"topic": "Stablecoins", "generated_at": "2025-09-14T12:36:23+00:00", "series": [{"month": "2025-06", "post_count": 3, "avg_reactions": 16.666666666666668, "avg_comments": 1.3333333333333333, "avg_restacks": 1.0, "avg_reactions_per_1k": 3.1355932203389827, "avg_comments_per_1k": 0.1694915254237288, "avg_restacks_per_1k": 0.0847457627118644}, {"month": "2025-07", "post_count": 1, "avg_reactions": 20.0, "avg_comments": 0.0, "avg_restacks": 0.0, "avg_reactions_per_1k": 3.389830508474576, "avg_comments_per_1k": 0.0, "avg_restacks_per_1k": 0.0}, {"month": "2025-08", "post_count": 13, "avg_reactions": 16.692307692307693, "avg_comments": 1.6923076923076923, "avg_restacks": 2.6153846153846154, "avg_reactions_per_1k": 0.6303804030361201, "avg_comments_per_1k": 0.0777922642329422, "avg_restacks_per_1k": 0.028634935755678787}]}