{"topic": "Streaming Services", "generated_at": "2025-09-14T12:36:23+00:00", "series": [{"month": "2025-06", "post_count": 1, "avg_reactions": 6.0, "avg_comments": 0.0, "avg_restacks": 1.0, "avg_reactions_per_1k": 1.3333333333333333, "avg_comments_per_1k": 0.0, "avg_restacks_per_1k": 0.2222222222222222}, {"month": "2025-07", "post_count": 1, "avg_reactions": 16.0, "avg_comments": 0.0, "avg_restacks": 2.0, "avg_reactions_per_1k": 0.8421052631578947, "avg_comments_per_1k": 0.0, "avg_restacks_per_1k": 0.10526315789473684}, {"month": "2025-08", "post_count": 1, "avg_reactions": 6.0, "avg_comments": 2.0, "avg_restacks": 1.0, "avg_reactions_per_1k": 1.1320754716981134, "avg_comments_per_1k": 0.37735849056603776, "avg_restacks_per_1k": 0.18867924528301888}]}