{"topic": "Substack", "generated_at": "2025-09-14T12:36:23+00:00", "series": [{"month": "2025-07", "post_count": 1, "avg_reactions": 45.0, "avg_comments": 19.0, "avg_restacks": 6.0, "avg_reactions_per_1k": 12.162162162162163, "avg_comments_per_1k": 5.135135135135135, "avg_restacks_per_1k": 1.6216216216216217}]}