{"topic": "Success", "generated_at": "2025-09-14T12:36:23+00:00", "series": [{"month": "2025-05", "post_count": 1, "avg_reactions": 26.0, "avg_comments": 9.0, "avg_restacks": 3.0, "avg_reactions_per_1k": 0.0, "avg_comments_per_1k": 0.0, "avg_restacks_per_1k": 0.0}, {"month": "2025-08", "post_count": 3, "avg_reactions": 29.0, "avg_comments": 14.333333333333334, "avg_restacks": 2.6666666666666665, "avg_reactions_per_1k": 1.521626984126984, "avg_comments_per_1k": 0.8412698412698413, "avg_restacks_per_1k": 0.16478174603174603}, {"month": "2025-09", "post_count": 1, "avg_reactions": 1.0, "avg_comments": 2.0, "avg_restacks": 0.0, "avg_reactions_per_1k": 1.2091898428053205, "avg_comments_per_1k": 2.418379685610641, "avg_restacks_per_1k": 0.0}]}