{"topic": "Summer Solstice", "generated_at": "2025-09-14T12:36:23+00:00", "series": [{"month": "2025-06", "post_count": 1, "avg_reactions": 44.0, "avg_comments": 11.0, "avg_restacks": 1.0, "avg_reactions_per_1k": 2.3157894736842106, "avg_comments_per_1k": 0.5789473684210527, "avg_restacks_per_1k": 0.05263157894736842}]}