{"topic": "Survival", "generated_at": "2025-09-14T12:36:23+00:00", "series": [{"month": "2025-05", "post_count": 1, "avg_reactions": 10.0, "avg_comments": 2.0, "avg_restacks": 1.0, "avg_reactions_per_1k": 1.4084507042253522, "avg_comments_per_1k": 0.28169014084507044, "avg_restacks_per_1k": 0.14084507042253522}]}