{"topic": "Survivor Story", "generated_at": "2025-09-14T12:36:23+00:00", "series": [{"month": "2023-08", "post_count": 1, "avg_reactions": 0.0, "avg_comments": 0.0, "avg_restacks": 0.0, "avg_reactions_per_1k": 0.0, "avg_comments_per_1k": 0.0, "avg_restacks_per_1k": 0.0}, {"month": "2025-07", "post_count": 3, "avg_reactions": 21.0, "avg_comments": 3.6666666666666665, "avg_restacks": 3.3333333333333335, "avg_reactions_per_1k": 14.0, "avg_comments_per_1k": 2.444444444444444, "avg_restacks_per_1k": 2.222222222222222}, {"month": "2025-08", "post_count": 16, "avg_reactions": 568.1875, "avg_comments": 167.6875, "avg_restacks": 68.875, "avg_reactions_per_1k": 10.206280345535513, "avg_comments_per_1k": 1.9536463758978013, "avg_restacks_per_1k": 1.1921414581696121}, {"month": "2025-09", "post_count": 11, "avg_reactions": 1672.8181818181818, "avg_comments": 290.09090909090907, "avg_restacks": 308.1818181818182, "avg_reactions_per_1k": 11.479095548148234, "avg_comments_per_1k": 0.9076478715322414, "avg_restacks_per_1k": 2.260424164053247}]}