{"topic": "Surveillance", "generated_at": "2025-09-14T12:36:23+00:00", "series": [{"month": "2023-08", "post_count": 1, "avg_reactions": 1183.0, "avg_comments": 183.0, "avg_restacks": 18.0, "avg_reactions_per_1k": 8.762962962962963, "avg_comments_per_1k": 1.3555555555555556, "avg_restacks_per_1k": 0.13333333333333333}, {"month": "2025-06", "post_count": 2, "avg_reactions": 303.5, "avg_comments": 86.5, "avg_restacks": 75.5, "avg_reactions_per_1k": 2.711864406779661, "avg_comments_per_1k": 1.3559322033898304, "avg_restacks_per_1k": 0.6779661016949152}, {"month": "2025-07", "post_count": 2, "avg_reactions": 114.0, "avg_comments": 4.0, "avg_restacks": 2.0, "avg_reactions_per_1k": 4.116091555401422, "avg_comments_per_1k": 0.05063291139240506, "avg_restacks_per_1k": 0.14964452921796428}, {"month": "2025-08", "post_count": 3, "avg_reactions": 3379.0, "avg_comments": 676.3333333333334, "avg_restacks": 748.3333333333334, "avg_reactions_per_1k": 2.9154615384615385, "avg_comments_per_1k": 0.6128076923076923, "avg_restacks_per_1k": 0.7346153846153847}]}