{"topic": "Survivor Stories", "generated_at": "2025-09-14T12:36:23+00:00", "series": [{"month": "2024-01", "post_count": 2, "avg_reactions": 1826.5, "avg_comments": 281.0, "avg_restacks": 170.0, "avg_reactions_per_1k": 12.862676056338028, "avg_comments_per_1k": 1.9788732394366197, "avg_restacks_per_1k": 1.1971830985915495}, {"month": "2024-06", "post_count": 1, "avg_reactions": 3072.0, "avg_comments": 511.0, "avg_restacks": 342.0, "avg_reactions_per_1k": 21.633802816901408, "avg_comments_per_1k": 3.5985915492957745, "avg_restacks_per_1k": 2.408450704225352}, {"month": "2025-05", "post_count": 1, "avg_reactions": 90.0, "avg_comments": 16.0, "avg_restacks": 1.0, "avg_reactions_per_1k": 0.0, "avg_comments_per_1k": 0.0, "avg_restacks_per_1k": 0.0}, {"month": "2025-07", "post_count": 3, "avg_reactions": 59.333333333333336, "avg_comments": 91.66666666666667, "avg_restacks": 1.6666666666666667, "avg_reactions_per_1k": 6.875, "avg_comments_per_1k": 2.5, "avg_restacks_per_1k": 0.625}]}