{"topic": "Survey", "generated_at": "2025-09-14T12:36:23+00:00", "series": [{"month": "2025-08", "post_count": 1, "avg_reactions": 10.0, "avg_comments": 2.0, "avg_restacks": 3.0, "avg_reactions_per_1k": 0.41666666666666663, "avg_comments_per_1k": 0.08333333333333333, "avg_restacks_per_1k": 0.125}]}