{"topic": "Sustainable Farming", "generated_at": "2025-09-14T12:36:23+00:00", "series": [{"month": "2025-03", "post_count": 1, "avg_reactions": 105.0, "avg_comments": 7.0, "avg_restacks": 17.0, "avg_reactions_per_1k": 5.25, "avg_comments_per_1k": 0.35000000000000003, "avg_restacks_per_1k": 0.8500000000000001}, {"month": "2025-07", "post_count": 1, "avg_reactions": 16.0, "avg_comments": 0.0, "avg_restacks": 0.0, "avg_reactions_per_1k": 0.6153846153846154, "avg_comments_per_1k": 0.0, "avg_restacks_per_1k": 0.0}, {"month": "2025-08", "post_count": 4, "avg_reactions": 16.25, "avg_comments": 0.5, "avg_restacks": 1.5, "avg_reactions_per_1k": 0.5512820512820512, "avg_comments_per_1k": 0.025641025641025644, "avg_restacks_per_1k": 0.025641025641025644}]}