{"topic": "Swing Trading", "generated_at": "2025-09-14T12:36:23+00:00", "series": [{"month": "2025-08", "post_count": 10, "avg_reactions": 3.7, "avg_comments": 0.4, "avg_restacks": 1.0, "avg_reactions_per_1k": 0.9487179487179486, "avg_comments_per_1k": 0.10256410256410256, "avg_restacks_per_1k": 0.2564102564102564}]}