{"topic": "Tennessee Volunteers", "generated_at": "2025-09-14T12:36:23+00:00", "series": [{"month": "2025-07", "post_count": 1, "avg_reactions": 7.0, "avg_comments": 3.0, "avg_restacks": 1.0, "avg_reactions_per_1k": 2.6923076923076925, "avg_comments_per_1k": 1.153846153846154, "avg_restacks_per_1k": 0.38461538461538464}]}