{"topic": "Tesla", "generated_at": "2025-09-14T12:36:23+00:00", "series": [{"month": "2025-03", "post_count": 1, "avg_reactions": 1.0, "avg_comments": 0.0, "avg_restacks": 1.0, "avg_reactions_per_1k": 0.5263157894736842, "avg_comments_per_1k": 0.0, "avg_restacks_per_1k": 0.5263157894736842}, {"month": "2025-06", "post_count": 1, "avg_reactions": 111.0, "avg_comments": 121.0, "avg_restacks": 36.0, "avg_reactions_per_1k": 0.511520737327189, "avg_comments_per_1k": 0.5576036866359447, "avg_restacks_per_1k": 0.16589861751152074}, {"month": "2025-08", "post_count": 6, "avg_reactions": 2.1666666666666665, "avg_comments": 0.3333333333333333, "avg_restacks": 0.16666666666666666, "avg_reactions_per_1k": 0.0, "avg_comments_per_1k": 0.0, "avg_restacks_per_1k": 0.008333333333333333}, {"month": "2025-09", "post_count": 2, "avg_reactions": 0.0, "avg_comments": 0.0, "avg_restacks": 0.0, "avg_reactions_per_1k": 0.0, "avg_comments_per_1k": 0.0, "avg_restacks_per_1k": 0.0}]}