{"topic": "Thanksgiving", "generated_at": "2025-09-14T12:36:23+00:00", "series": [{"month": "2024-11", "post_count": 2, "avg_reactions": 29.5, "avg_comments": 8.0, "avg_restacks": 0.0, "avg_reactions_per_1k": 0.8312428055412218, "avg_comments_per_1k": 0.06779661016949153, "avg_restacks_per_1k": 0.0}]}