{"topic": "Thriller", "generated_at": "2025-09-14T12:36:23+00:00", "series": [{"month": "2025-03", "post_count": 2, "avg_reactions": 211.5, "avg_comments": 112.5, "avg_restacks": 12.0, "avg_reactions_per_1k": 4.183673469387755, "avg_comments_per_1k": 2.1734693877551017, "avg_restacks_per_1k": 0.22448979591836732}, {"month": "2025-04", "post_count": 1, "avg_reactions": 259.0, "avg_comments": 133.0, "avg_restacks": 22.0, "avg_reactions_per_1k": 2.642857142857143, "avg_comments_per_1k": 1.357142857142857, "avg_restacks_per_1k": 0.22448979591836732}]}