{"topic": "Tigers", "generated_at": "2025-09-14T12:36:23+00:00", "series": [{"month": "2025-08", "post_count": 1, "avg_reactions": 18.0, "avg_comments": 4.0, "avg_restacks": 0.0, "avg_reactions_per_1k": 0.3829787234042553, "avg_comments_per_1k": 0.0851063829787234, "avg_restacks_per_1k": 0.0}]}