{"topic": "Tokyo", "generated_at": "2025-09-14T12:36:23+00:00", "series": [{"month": "2025-01", "post_count": 1, "avg_reactions": 10.0, "avg_comments": 7.0, "avg_restacks": 1.0, "avg_reactions_per_1k": 1.4925373134328357, "avg_comments_per_1k": 1.044776119402985, "avg_restacks_per_1k": 0.14925373134328357}, {"month": "2025-04", "post_count": 1, "avg_reactions": 46.0, "avg_comments": 5.0, "avg_restacks": 1.0, "avg_reactions_per_1k": 10.952380952380953, "avg_comments_per_1k": 1.1904761904761905, "avg_restacks_per_1k": 0.23809523809523808}]}