{"topic": "Tomato", "generated_at": "2025-09-14T12:36:23+00:00", "series": [{"month": "2025-03", "post_count": 1, "avg_reactions": 47.0, "avg_comments": 6.0, "avg_restacks": 4.0, "avg_reactions_per_1k": 0.7121212121212122, "avg_comments_per_1k": 0.09090909090909091, "avg_restacks_per_1k": 0.06060606060606061}, {"month": "2025-05", "post_count": 1, "avg_reactions": 64.0, "avg_comments": 14.0, "avg_restacks": 4.0, "avg_reactions_per_1k": 0.9696969696969697, "avg_comments_per_1k": 0.21212121212121213, "avg_restacks_per_1k": 0.06060606060606061}]}