{"topic": "Tomatoes", "generated_at": "2025-09-14T12:36:23+00:00", "series": [{"month": "2025-07", "post_count": 1, "avg_reactions": 19.0, "avg_comments": 4.0, "avg_restacks": 1.0, "avg_reactions_per_1k": 0.6551724137931034, "avg_comments_per_1k": 0.13793103448275862, "avg_restacks_per_1k": 0.034482758620689655}, {"month": "2025-08", "post_count": 4, "avg_reactions": 41.25, "avg_comments": 8.5, "avg_restacks": 1.0, "avg_reactions_per_1k": 0.8795848640126934, "avg_comments_per_1k": 0.09744090219041422, "avg_restacks_per_1k": 0.013381045326393406}, {"month": "2025-09", "post_count": 1, "avg_reactions": 239.0, "avg_comments": 36.0, "avg_restacks": 3.0, "avg_reactions_per_1k": 1.1715686274509804, "avg_comments_per_1k": 0.1764705882352941, "avg_restacks_per_1k": 0.014705882352941176}]}