{"topic": "Trading Education", "generated_at": "2025-09-14T12:36:23+00:00", "series": [{"month": "2025-08", "post_count": 5, "avg_reactions": 3.8, "avg_comments": 1.8, "avg_restacks": 0.8, "avg_reactions_per_1k": 0.9743589743589742, "avg_comments_per_1k": 0.4615384615384615, "avg_restacks_per_1k": 0.20512820512820512}]}