{"topic": "Trade Idea", "generated_at": "2025-09-14T12:36:23+00:00", "series": [{"month": "2025-08", "post_count": 4, "avg_reactions": 4.5, "avg_comments": 0.0, "avg_restacks": 1.0, "avg_reactions_per_1k": 1.1538461538461537, "avg_comments_per_1k": 0.0, "avg_restacks_per_1k": 0.2564102564102564}]}