{"topic": "Traditionism", "generated_at": "2025-09-14T12:36:23+00:00", "series": [{"month": "2025-06", "post_count": 1, "avg_reactions": 29.0, "avg_comments": 26.0, "avg_restacks": 4.0, "avg_reactions_per_1k": 5.686274509803922, "avg_comments_per_1k": 5.098039215686274, "avg_restacks_per_1k": 0.7843137254901961}]}