{"topic": "Traditional American", "generated_at": "2025-09-14T12:36:23+00:00", "series": [{"month": "2025-05", "post_count": 2, "avg_reactions": 14.5, "avg_comments": 5.5, "avg_restacks": 1.5, "avg_reactions_per_1k": 0.8529411764705882, "avg_comments_per_1k": 0.32352941176470584, "avg_restacks_per_1k": 0.08823529411764705}]}