{"topic": "Tradwives", "generated_at": "2025-09-14T12:36:23+00:00", "series": [{"month": "2024-12", "post_count": 2, "avg_reactions": 97.0, "avg_comments": 55.0, "avg_restacks": 8.0, "avg_reactions_per_1k": 5.105263157894736, "avg_comments_per_1k": 2.8947368421052633, "avg_restacks_per_1k": 0.42105263157894735}, {"month": "2025-01", "post_count": 2, "avg_reactions": 96.5, "avg_comments": 47.5, "avg_restacks": 1.0, "avg_reactions_per_1k": 5.078947368421053, "avg_comments_per_1k": 2.5, "avg_restacks_per_1k": 0.05263157894736842}, {"month": "2025-03", "post_count": 1, "avg_reactions": 66.0, "avg_comments": 38.0, "avg_restacks": 1.0, "avg_reactions_per_1k": 3.4736842105263155, "avg_comments_per_1k": 2.0, "avg_restacks_per_1k": 0.05263157894736842}]}