{"topic": "Traditional American Cuisine", "generated_at": "2025-09-14T12:36:23+00:00", "series": [{"month": "2025-02", "post_count": 1, "avg_reactions": 3.0, "avg_comments": 3.0, "avg_restacks": 1.0, "avg_reactions_per_1k": 0.1764705882352941, "avg_comments_per_1k": 0.1764705882352941, "avg_restacks_per_1k": 0.058823529411764705}, {"month": "2025-05", "post_count": 1, "avg_reactions": 171.0, "avg_comments": 60.0, "avg_restacks": 9.0, "avg_reactions_per_1k": 0.0, "avg_comments_per_1k": 0.0, "avg_restacks_per_1k": 0.0}, {"month": "2025-08", "post_count": 1, "avg_reactions": 13.0, "avg_comments": 25.0, "avg_restacks": 3.0, "avg_reactions_per_1k": 1.9696969696969697, "avg_comments_per_1k": 3.787878787878788, "avg_restacks_per_1k": 0.4545454545454546}]}