{"topic": "Trading Psychology", "generated_at": "2025-09-14T12:36:23+00:00", "series": [{"month": "2025-07", "post_count": 1, "avg_reactions": 38.0, "avg_comments": 18.0, "avg_restacks": 4.0, "avg_reactions_per_1k": 2.533333333333333, "avg_comments_per_1k": 1.2, "avg_restacks_per_1k": 0.26666666666666666}]}