{"topic": "Trading Systems", "generated_at": "2025-09-14T12:36:23+00:00", "series": [{"month": "2025-04", "post_count": 8, "avg_reactions": 19.625, "avg_comments": 4.125, "avg_restacks": 3.75, "avg_reactions_per_1k": 7.268518518518518, "avg_comments_per_1k": 1.5277777777777777, "avg_restacks_per_1k": 1.3888888888888888}, {"month": "2025-05", "post_count": 3, "avg_reactions": 64.66666666666667, "avg_comments": 19.333333333333332, "avg_restacks": 7.666666666666667, "avg_reactions_per_1k": 23.950617283950617, "avg_comments_per_1k": 7.160493827160494, "avg_restacks_per_1k": 2.839506172839506}, {"month": "2025-06", "post_count": 3, "avg_reactions": 19.333333333333332, "avg_comments": 11.333333333333334, "avg_restacks": 2.6666666666666665, "avg_reactions_per_1k": 7.160493827160494, "avg_comments_per_1k": 4.197530864197531, "avg_restacks_per_1k": 0.9876543209876543}, {"month": "2025-07", "post_count": 2, "avg_reactions": 27.0, "avg_comments": 7.0, "avg_restacks": 4.0, "avg_reactions_per_1k": 10.0, "avg_comments_per_1k": 2.5925925925925926, "avg_restacks_per_1k": 1.4814814814814814}]}