{"topic": "Tradwife", "generated_at": "2025-09-14T12:36:23+00:00", "series": [{"month": "2025-09", "post_count": 2, "avg_reactions": 35.5, "avg_comments": 15.0, "avg_restacks": 4.0, "avg_reactions_per_1k": 0.8333333333333334, "avg_comments_per_1k": 0.36231884057971014, "avg_restacks_per_1k": 0.10144927536231885}]}