{"topic": "Trade Policy", "generated_at": "2025-09-14T12:36:23+00:00", "series": [{"month": "2025-08", "post_count": 2, "avg_reactions": 909.5, "avg_comments": 54.5, "avg_restacks": 238.5, "avg_reactions_per_1k": 30.31666666666667, "avg_comments_per_1k": 1.8166666666666664, "avg_restacks_per_1k": 7.949999999999999}]}