{"topic": "Transfer mechanics", "generated_at": "2025-09-14T12:36:23+00:00", "series": [{"month": "2025-08", "post_count": 12, "avg_reactions": 14.916666666666666, "avg_comments": 3.9166666666666665, "avg_restacks": 0.4166666666666667, "avg_reactions_per_1k": 2.294871794871795, "avg_comments_per_1k": 0.6025641025641025, "avg_restacks_per_1k": 0.06410256410256411}, {"month": "2025-09", "post_count": 8, "avg_reactions": 15.5, "avg_comments": 7.625, "avg_restacks": 0.125, "avg_reactions_per_1k": 2.3846153846153846, "avg_comments_per_1k": 1.1730769230769231, "avg_restacks_per_1k": 0.019230769230769232}]}