{"topic": "Translation", "generated_at": "2025-09-14T12:36:23+00:00", "series": [{"month": "2025-08", "post_count": 1, "avg_reactions": 103.0, "avg_comments": 3.0, "avg_restacks": 1.0, "avg_reactions_per_1k": 2.7837837837837838, "avg_comments_per_1k": 0.08108108108108109, "avg_restacks_per_1k": 0.02702702702702703}]}