{"topic": "Trans", "generated_at": "2025-09-14T12:36:23+00:00", "series": [{"month": "2025-04", "post_count": 1, "avg_reactions": 43.0, "avg_comments": 13.0, "avg_restacks": 17.0, "avg_reactions_per_1k": 6.71875, "avg_comments_per_1k": 2.03125, "avg_restacks_per_1k": 2.65625}, {"month": "2025-05", "post_count": 3, "avg_reactions": 66.66666666666667, "avg_comments": 9.666666666666666, "avg_restacks": 13.0, "avg_reactions_per_1k": 10.416666666666666, "avg_comments_per_1k": 1.5104166666666667, "avg_restacks_per_1k": 2.03125}]}