{"topic": "Trump Administration", "generated_at": "2025-09-14T12:36:23+00:00", "series": [{"month": "2024-03", "post_count": 1, "avg_reactions": 3.0, "avg_comments": 0.0, "avg_restacks": 1.0, "avg_reactions_per_1k": 0.0, "avg_comments_per_1k": 0.0, "avg_restacks_per_1k": 0.0}, {"month": "2025-05", "post_count": 1, "avg_reactions": 19.0, "avg_comments": 5.0, "avg_restacks": 4.0, "avg_reactions_per_1k": 2.5, "avg_comments_per_1k": 0.6578947368421052, "avg_restacks_per_1k": 0.5263157894736842}, {"month": "2025-07", "post_count": 2, "avg_reactions": 321.5, "avg_comments": 202.0, "avg_restacks": 23.0, "avg_reactions_per_1k": 2.7245762711864403, "avg_comments_per_1k": 1.711864406779661, "avg_restacks_per_1k": 0.19491525423728814}, {"month": "2025-08", "post_count": 2, "avg_reactions": 242.5, "avg_comments": 105.5, "avg_restacks": 11.5, "avg_reactions_per_1k": 2.896690879741727, "avg_comments_per_1k": 1.1289346246973366, "avg_restacks_per_1k": 0.09745762711864407}]}