{"topic": "Trump Admin", "generated_at": "2025-09-14T12:36:23+00:00", "series": [{"month": "2025-07", "post_count": 8, "avg_reactions": 197.875, "avg_comments": 53.25, "avg_restacks": 54.375, "avg_reactions_per_1k": 2.710616438356164, "avg_comments_per_1k": 0.7294520547945205, "avg_restacks_per_1k": 0.7448630136986301}, {"month": "2025-08", "post_count": 2, "avg_reactions": 113.0, "avg_comments": 18.0, "avg_restacks": 37.5, "avg_reactions_per_1k": 1.547945205479452, "avg_comments_per_1k": 0.2465753424657534, "avg_restacks_per_1k": 0.5136986301369862}]}