{"topic": "Turkey", "generated_at": "2025-09-14T12:36:23+00:00", "series": [{"month": "2025-04", "post_count": 2, "avg_reactions": 22.0, "avg_comments": 3.0, "avg_restacks": 0.5, "avg_reactions_per_1k": 5.789473684210526, "avg_comments_per_1k": 0.7894736842105263, "avg_restacks_per_1k": 0.13157894736842105}, {"month": "2025-05", "post_count": 1, "avg_reactions": 26.0, "avg_comments": 2.0, "avg_restacks": 0.0, "avg_reactions_per_1k": 6.842105263157895, "avg_comments_per_1k": 0.5263157894736842, "avg_restacks_per_1k": 0.0}, {"month": "2025-06", "post_count": 1, "avg_reactions": 36.0, "avg_comments": 3.0, "avg_restacks": 2.0, "avg_reactions_per_1k": 0.36363636363636365, "avg_comments_per_1k": 0.030303030303030304, "avg_restacks_per_1k": 0.020202020202020204}, {"month": "2025-09", "post_count": 1, "avg_reactions": 3.0, "avg_comments": 0.0, "avg_restacks": 0.0, "avg_reactions_per_1k": 0.7142857142857142, "avg_comments_per_1k": 0.0, "avg_restacks_per_1k": 0.0}]}