{"topic": "Tutorials", "generated_at": "2025-09-14T12:36:23+00:00", "series": [{"month": "2025-04", "post_count": 3, "avg_reactions": 13.333333333333334, "avg_comments": 2.3333333333333335, "avg_restacks": 2.0, "avg_reactions_per_1k": 4.938271604938271, "avg_comments_per_1k": 0.8641975308641975, "avg_restacks_per_1k": 0.7407407407407408}]}