{"topic": "Tyranny", "generated_at": "2025-09-14T12:36:23+00:00", "series": [{"month": "2025-05", "post_count": 1, "avg_reactions": 178.0, "avg_comments": 111.0, "avg_restacks": 8.0, "avg_reactions_per_1k": 4.810810810810811, "avg_comments_per_1k": 3.0, "avg_restacks_per_1k": 0.21621621621621623}, {"month": "2025-08", "post_count": 3, "avg_reactions": 6440.666666666667, "avg_comments": 1107.0, "avg_restacks": 1056.0, "avg_reactions_per_1k": 2.477179487179487, "avg_comments_per_1k": 0.42576923076923073, "avg_restacks_per_1k": 0.40615384615384614}]}