{"topic": "UK", "generated_at": "2025-09-14T12:36:23+00:00", "series": [{"month": "2024-06", "post_count": 1, "avg_reactions": 27.0, "avg_comments": 23.0, "avg_restacks": 4.0, "avg_reactions_per_1k": 1.9285714285714284, "avg_comments_per_1k": 1.6428571428571428, "avg_restacks_per_1k": 0.2857142857142857}, {"month": "2024-07", "post_count": 1, "avg_reactions": 36.0, "avg_comments": 22.0, "avg_restacks": 4.0, "avg_reactions_per_1k": 2.571428571428571, "avg_comments_per_1k": 1.5714285714285714, "avg_restacks_per_1k": 0.2857142857142857}]}