{"topic": "United Healthcare", "generated_at": "2025-09-14T12:36:23+00:00", "series": [{"month": "2025-04", "post_count": 1, "avg_reactions": 4.0, "avg_comments": 5.0, "avg_restacks": 2.0, "avg_reactions_per_1k": 8.19672131147541, "avg_comments_per_1k": 10.245901639344261, "avg_restacks_per_1k": 4.098360655737705}, {"month": "2025-05", "post_count": 2, "avg_reactions": 9.5, "avg_comments": 5.5, "avg_restacks": 2.0, "avg_reactions_per_1k": 19.467213114754095, "avg_comments_per_1k": 11.270491803278688, "avg_restacks_per_1k": 4.098360655737705}]}