{"topic": "Urban Planning", "generated_at": "2025-09-14T12:36:23+00:00", "series": [{"month": "2025-07", "post_count": 2, "avg_reactions": 71.5, "avg_comments": 45.5, "avg_restacks": 4.0, "avg_reactions_per_1k": 1.2767857142857142, "avg_comments_per_1k": 0.7946428571428571, "avg_restacks_per_1k": 0.07142857142857142}, {"month": "2025-09", "post_count": 1, "avg_reactions": 27.0, "avg_comments": 61.0, "avg_restacks": 0.0, "avg_reactions_per_1k": 1.0, "avg_comments_per_1k": 2.259259259259259, "avg_restacks_per_1k": 0.0}]}