{"topic": "US dollar", "generated_at": "2025-09-14T12:36:23+00:00", "series": [{"month": "2025-07", "post_count": 2, "avg_reactions": 41.5, "avg_comments": 14.5, "avg_restacks": 1.0, "avg_reactions_per_1k": 1.1857142857142857, "avg_comments_per_1k": 0.41428571428571426, "avg_restacks_per_1k": 0.02857142857142857}]}