{"topic": "US Fed", "generated_at": "2025-09-14T12:36:23+00:00", "series": [{"month": "2025-06", "post_count": 1, "avg_reactions": 79.0, "avg_comments": 23.0, "avg_restacks": 4.0, "avg_reactions_per_1k": 2.393939393939394, "avg_comments_per_1k": 0.696969696969697, "avg_restacks_per_1k": 0.12121212121212122}, {"month": "2025-07", "post_count": 4, "avg_reactions": 91.0, "avg_comments": 32.5, "avg_restacks": 5.75, "avg_reactions_per_1k": 2.757575757575758, "avg_comments_per_1k": 0.9848484848484849, "avg_restacks_per_1k": 0.17424242424242425}, {"month": "2025-08", "post_count": 10, "avg_reactions": 49.8, "avg_comments": 11.4, "avg_restacks": 3.3, "avg_reactions_per_1k": 1.576923076923077, "avg_comments_per_1k": 0.34545454545454546, "avg_restacks_per_1k": 0.1}, {"month": "2025-09", "post_count": 2, "avg_reactions": 34.0, "avg_comments": 11.5, "avg_restacks": 1.5, "avg_reactions_per_1k": 1.0303030303030303, "avg_comments_per_1k": 0.3484848484848485, "avg_restacks_per_1k": 0.045454545454545456}]}