{"topic": "US Open", "generated_at": "2025-09-14T12:36:23+00:00", "series": [{"month": "2025-08", "post_count": 15, "avg_reactions": 23.666666666666668, "avg_comments": 22.4, "avg_restacks": 2.2666666666666666, "avg_reactions_per_1k": 3.429951690821256, "avg_comments_per_1k": 3.246376811594203, "avg_restacks_per_1k": 0.3285024154589372}, {"month": "2025-09", "post_count": 12, "avg_reactions": 28.916666666666668, "avg_comments": 13.833333333333334, "avg_restacks": 4.083333333333333, "avg_reactions_per_1k": 5.278276839541662, "avg_comments_per_1k": 2.004830917874396, "avg_restacks_per_1k": 0.5917874396135266}]}