{"topic": "US", "generated_at": "2025-09-14T12:36:23+00:00", "series": [{"month": "2025-06", "post_count": 1, "avg_reactions": 9.0, "avg_comments": 0.0, "avg_restacks": 1.0, "avg_reactions_per_1k": 1.25, "avg_comments_per_1k": 0.0, "avg_restacks_per_1k": 0.1388888888888889}, {"month": "2025-07", "post_count": 3, "avg_reactions": 18.0, "avg_comments": 12.0, "avg_restacks": 4.0, "avg_reactions_per_1k": 0.5555555555555556, "avg_comments_per_1k": 0.0, "avg_restacks_per_1k": 0.2777777777777778}, {"month": "2025-08", "post_count": 1, "avg_reactions": 35.0, "avg_comments": 4.0, "avg_restacks": 1.0, "avg_reactions_per_1k": 2.3333333333333335, "avg_comments_per_1k": 0.26666666666666666, "avg_restacks_per_1k": 0.06666666666666667}, {"month": "2025-09", "post_count": 3, "avg_reactions": 2.6666666666666665, "avg_comments": 0.0, "avg_restacks": 0.0, "avg_reactions_per_1k": 2.0512820512820515, "avg_comments_per_1k": 0.0, "avg_restacks_per_1k": 0.0}]}