{"topic": "Using AI", "generated_at": "2025-09-14T12:36:23+00:00", "series": [{"month": "2025-05", "post_count": 1, "avg_reactions": 65.0, "avg_comments": 67.0, "avg_restacks": 10.0, "avg_reactions_per_1k": 3.6111111111111107, "avg_comments_per_1k": 3.722222222222222, "avg_restacks_per_1k": 0.5555555555555556}, {"month": "2025-06", "post_count": 5, "avg_reactions": 18.6, "avg_comments": 8.6, "avg_restacks": 1.6, "avg_reactions_per_1k": 1.0333333333333332, "avg_comments_per_1k": 0.47777777777777775, "avg_restacks_per_1k": 0.08888888888888888}, {"month": "2025-07", "post_count": 3, "avg_reactions": 29.666666666666668, "avg_comments": 21.666666666666668, "avg_restacks": 3.3333333333333335, "avg_reactions_per_1k": 1.6481481481481481, "avg_comments_per_1k": 1.2037037037037035, "avg_restacks_per_1k": 0.1851851851851852}, {"month": "2025-08", "post_count": 2, "avg_reactions": 45.5, "avg_comments": 3.0, "avg_restacks": 10.0, "avg_reactions_per_1k": 0.8974654377880185, "avg_comments_per_1k": 0.16666666666666666, "avg_restacks_per_1k": 0.17345110087045573}]}