{"topic": "Vancouver", "generated_at": "2025-09-14T12:36:23+00:00", "series": [{"month": "2025-04", "post_count": 1, "avg_reactions": 88.0, "avg_comments": 29.0, "avg_restacks": 5.0, "avg_reactions_per_1k": 6.76923076923077, "avg_comments_per_1k": 2.230769230769231, "avg_restacks_per_1k": 0.38461538461538464}]}