{"topic": "Veganism", "generated_at": "2025-09-14T12:36:23+00:00", "series": [{"month": "2025-07", "post_count": 1, "avg_reactions": 51.0, "avg_comments": 4.0, "avg_restacks": 4.0, "avg_reactions_per_1k": 3.4, "avg_comments_per_1k": 0.26666666666666666, "avg_restacks_per_1k": 0.26666666666666666}, {"month": "2025-08", "post_count": 1, "avg_reactions": 16.0, "avg_comments": 3.0, "avg_restacks": 1.0, "avg_reactions_per_1k": 1.0666666666666667, "avg_comments_per_1k": 0.2, "avg_restacks_per_1k": 0.06666666666666667}]}