{"topic": "Vegan Cuisine", "generated_at": "2025-09-14T12:36:23+00:00", "series": [{"month": "2025-06", "post_count": 1, "avg_reactions": 31.0, "avg_comments": 0.0, "avg_restacks": 1.0, "avg_reactions_per_1k": 0.3924050632911392, "avg_comments_per_1k": 0.0, "avg_restacks_per_1k": 0.012658227848101266}, {"month": "2025-07", "post_count": 3, "avg_reactions": 29.666666666666668, "avg_comments": 3.3333333333333335, "avg_restacks": 0.6666666666666666, "avg_reactions_per_1k": 0.2264581717928836, "avg_comments_per_1k": 0.029723442750064614, "avg_restacks_per_1k": 0.006289308176100628}, {"month": "2025-08", "post_count": 8, "avg_reactions": 17.25, "avg_comments": 3.0, "avg_restacks": 0.5, "avg_reactions_per_1k": 0.8292200177050915, "avg_comments_per_1k": 0.08752954651237074, "avg_restacks_per_1k": 0.03618934409024121}, {"month": "2025-09", "post_count": 2, "avg_reactions": 5.0, "avg_comments": 1.5, "avg_restacks": 0.5, "avg_reactions_per_1k": 0.03424657534246575, "avg_comments_per_1k": 0.010273972602739725, "avg_restacks_per_1k": 0.003424657534246575}]}