{"topic": "Vegetarian Food", "generated_at": "2025-09-14T12:36:23+00:00", "series": [{"month": "2025-05", "post_count": 1, "avg_reactions": 12.0, "avg_comments": 7.0, "avg_restacks": 0.0, "avg_reactions_per_1k": 1.3043478260869565, "avg_comments_per_1k": 0.7608695652173912, "avg_restacks_per_1k": 0.0}, {"month": "2025-07", "post_count": 4, "avg_reactions": 192.75, "avg_comments": 41.25, "avg_restacks": 6.25, "avg_reactions_per_1k": 1.1286068229464457, "avg_comments_per_1k": 0.3027444253859348, "avg_restacks_per_1k": 0.05046693348580141}, {"month": "2025-08", "post_count": 2, "avg_reactions": 109.5, "avg_comments": 19.0, "avg_restacks": 6.0, "avg_reactions_per_1k": 0.6907661520869068, "avg_comments_per_1k": 0.18839336763865067, "avg_restacks_per_1k": 0.05111492281303602}, {"month": "2025-09", "post_count": 4, "avg_reactions": 82.75, "avg_comments": 12.5, "avg_restacks": 1.5, "avg_reactions_per_1k": 0.6457758323270658, "avg_comments_per_1k": 0.0986142257489506, "avg_restacks_per_1k": 0.015040106951871659}]}