{"topic": "Videos", "generated_at": "2025-09-14T12:36:23+00:00", "series": [{"month": "2025-06", "post_count": 1, "avg_reactions": 8.0, "avg_comments": 8.0, "avg_restacks": 3.0, "avg_reactions_per_1k": 0.8695652173913043, "avg_comments_per_1k": 0.8695652173913043, "avg_restacks_per_1k": 0.32608695652173914}]}