{"topic": "Vintage", "generated_at": "2025-09-14T12:36:23+00:00", "series": [{"month": "2025-04", "post_count": 1, "avg_reactions": 25.0, "avg_comments": 8.0, "avg_restacks": 1.0, "avg_reactions_per_1k": 4.545454545454546, "avg_comments_per_1k": 1.4545454545454546, "avg_restacks_per_1k": 0.18181818181818182}]}