{"topic": "VIX Insights", "generated_at": "2025-09-14T12:36:23+00:00", "series": [{"month": "2025-08", "post_count": 7, "avg_reactions": 11.142857142857142, "avg_comments": 9.142857142857142, "avg_restacks": 0.0, "avg_reactions_per_1k": 16.024573706134436, "avg_comments_per_1k": 13.425634571009022, "avg_restacks_per_1k": 0.0}, {"month": "2025-09", "post_count": 1, "avg_reactions": 3.0, "avg_comments": 0.0, "avg_restacks": 0.0, "avg_reactions_per_1k": 0.8571428571428571, "avg_comments_per_1k": 0.0, "avg_restacks_per_1k": 0.0}]}