{"topic": "Volatility", "generated_at": "2025-09-14T12:36:23+00:00", "series": [{"month": "2025-08", "post_count": 5, "avg_reactions": 15.2, "avg_comments": 3.6, "avg_restacks": 0.8, "avg_reactions_per_1k": 5.940779610194903, "avg_comments_per_1k": 1.7091454272863569, "avg_restacks_per_1k": 0.3448275862068966}, {"month": "2025-09", "post_count": 1, "avg_reactions": 8.0, "avg_comments": 3.0, "avg_restacks": 1.0, "avg_reactions_per_1k": 3.4782608695652173, "avg_comments_per_1k": 1.3043478260869565, "avg_restacks_per_1k": 0.43478260869565216}]}