{"topic": "Volleyball", "generated_at": "2025-09-14T12:36:23+00:00", "series": [{"month": "2025-08", "post_count": 5, "avg_reactions": 7.4, "avg_comments": 2.4, "avg_restacks": 0.0, "avg_reactions_per_1k": 5.6923076923076925, "avg_comments_per_1k": 1.8461538461538463, "avg_restacks_per_1k": 0.0}, {"month": "2025-09", "post_count": 2, "avg_reactions": 5.5, "avg_comments": 3.0, "avg_restacks": 0.0, "avg_reactions_per_1k": 4.230769230769231, "avg_comments_per_1k": 2.307692307692308, "avg_restacks_per_1k": 0.0}]}