{"topic": "Vuelta a España", "generated_at": "2025-09-14T12:36:23+00:00", "series": [{"month": "2025-08", "post_count": 6, "avg_reactions": 14.666666666666666, "avg_comments": 3.5, "avg_restacks": 0.8333333333333334, "avg_reactions_per_1k": 2.256410256410257, "avg_comments_per_1k": 0.5384615384615384, "avg_restacks_per_1k": 0.12820512820512822}]}