{"topic": "Wealth", "generated_at": "2025-09-14T12:36:23+00:00", "series": [{"month": "2025-07", "post_count": 3, "avg_reactions": 30.333333333333332, "avg_comments": 16.333333333333332, "avg_restacks": 4.0, "avg_reactions_per_1k": 2.022222222222222, "avg_comments_per_1k": 1.0888888888888888, "avg_restacks_per_1k": 0.26666666666666666}, {"month": "2025-08", "post_count": 1, "avg_reactions": 22.0, "avg_comments": 5.0, "avg_restacks": 4.0, "avg_reactions_per_1k": 1.4666666666666666, "avg_comments_per_1k": 0.3333333333333333, "avg_restacks_per_1k": 0.26666666666666666}, {"month": "2025-09", "post_count": 1, "avg_reactions": 18.0, "avg_comments": 4.0, "avg_restacks": 2.0, "avg_reactions_per_1k": 1.2, "avg_comments_per_1k": 0.26666666666666666, "avg_restacks_per_1k": 0.13333333333333333}]}