{"topic": "Weddings", "generated_at": "2025-09-14T12:36:23+00:00", "series": [{"month": "2025-06", "post_count": 1, "avg_reactions": 44.0, "avg_comments": 5.0, "avg_restacks": 2.0, "avg_reactions_per_1k": 3.6666666666666665, "avg_comments_per_1k": 0.41666666666666663, "avg_restacks_per_1k": 0.16666666666666666}, {"month": "2025-08", "post_count": 1, "avg_reactions": 27.0, "avg_comments": 21.0, "avg_restacks": 5.0, "avg_reactions_per_1k": 0.5294117647058824, "avg_comments_per_1k": 0.4117647058823529, "avg_restacks_per_1k": 0.09803921568627451}]}