{"topic": "Week in Review", "generated_at": "2025-09-14T12:36:23+00:00", "series": [{"month": "2025-06", "post_count": 3, "avg_reactions": 0.0, "avg_comments": 0.0, "avg_restacks": 1.6666666666666667, "avg_reactions_per_1k": 0.0, "avg_comments_per_1k": 0.0, "avg_restacks_per_1k": 0.013550135501355016}, {"month": "2025-07", "post_count": 6, "avg_reactions": 0.0, "avg_comments": 0.0, "avg_restacks": 1.3333333333333333, "avg_reactions_per_1k": 0.0, "avg_comments_per_1k": 0.0, "avg_restacks_per_1k": 0.010840108401084013}, {"month": "2025-08", "post_count": 5, "avg_reactions": 57.6, "avg_comments": 20.2, "avg_restacks": 7.8, "avg_reactions_per_1k": 2.7850747986191022, "avg_comments_per_1k": 2.0883544303797468, "avg_restacks_per_1k": 0.06037974683544304}, {"month": "2025-09", "post_count": 1, "avg_reactions": 58.0, "avg_comments": 0.0, "avg_restacks": 0.0, "avg_reactions_per_1k": 5.2727272727272725, "avg_comments_per_1k": 0.0, "avg_restacks_per_1k": 0.0}]}