{"topic": "White Christian Nationalism", "generated_at": "2025-09-14T12:36:23+00:00", "series": [{"month": "2025-08", "post_count": 1, "avg_reactions": 303.0, "avg_comments": 4.0, "avg_restacks": 48.0, "avg_reactions_per_1k": 1.8035714285714284, "avg_comments_per_1k": 0.023809523809523808, "avg_restacks_per_1k": 0.2857142857142857}]}