{"topic": "Wildlife", "generated_at": "2025-09-14T12:36:23+00:00", "series": [{"month": "2025-04", "post_count": 1, "avg_reactions": 162.0, "avg_comments": 3.0, "avg_restacks": 5.0, "avg_reactions_per_1k": 55.862068965517246, "avg_comments_per_1k": 1.0344827586206897, "avg_restacks_per_1k": 1.7241379310344829}, {"month": "2025-07", "post_count": 7, "avg_reactions": 23.0, "avg_comments": 4.285714285714286, "avg_restacks": 5.0, "avg_reactions_per_1k": 0.5602257924446374, "avg_comments_per_1k": 0.0911854103343465, "avg_restacks_per_1k": 0.14181502388189318}, {"month": "2025-08", "post_count": 7, "avg_reactions": 39.714285714285715, "avg_comments": 3.142857142857143, "avg_restacks": 6.571428571428571, "avg_reactions_per_1k": 1.078419452887538, "avg_comments_per_1k": 0.07312201476335214, "avg_restacks_per_1k": 0.18671298306556666}]}