{"topic": "Wine & Spirits", "generated_at": "2025-09-14T12:36:23+00:00", "series": [{"month": "2025-06", "post_count": 2, "avg_reactions": 84.0, "avg_comments": 12.0, "avg_restacks": 6.0, "avg_reactions_per_1k": 1.9302325581395348, "avg_comments_per_1k": 0.27906976744186046, "avg_restacks_per_1k": 0.13953488372093023}, {"month": "2025-07", "post_count": 5, "avg_reactions": 13.6, "avg_comments": 2.0, "avg_restacks": 3.6, "avg_reactions_per_1k": 0.686046511627907, "avg_comments_per_1k": 0.046511627906976744, "avg_restacks_per_1k": 0.03488372093023256}, {"month": "2025-08", "post_count": 2, "avg_reactions": 155.0, "avg_comments": 16.5, "avg_restacks": 29.0, "avg_reactions_per_1k": 3.5813953488372094, "avg_comments_per_1k": 0.3488372093023256, "avg_restacks_per_1k": 0.5}]}