{"topic": "Woke", "generated_at": "2025-09-14T12:36:23+00:00", "series": [{"month": "2025-04", "post_count": 3, "avg_reactions": 46.0, "avg_comments": 11.0, "avg_restacks": 12.333333333333334, "avg_reactions_per_1k": 5.09375, "avg_comments_per_1k": 1.28125, "avg_restacks_per_1k": 1.5520833333333333}, {"month": "2025-05", "post_count": 4, "avg_reactions": 54.0, "avg_comments": 8.75, "avg_restacks": 11.5, "avg_reactions_per_1k": 8.4375, "avg_comments_per_1k": 1.3671875, "avg_restacks_per_1k": 1.796875}, {"month": "2025-08", "post_count": 2, "avg_reactions": 17.0, "avg_comments": 1.0, "avg_restacks": 3.5, "avg_reactions_per_1k": 1.0335864485981308, "avg_comments_per_1k": 0.0625, "avg_restacks_per_1k": 0.18983644859813084}]}