{"topic": "Women's Cycling", "generated_at": "2025-09-14T12:36:23+00:00", "series": [{"month": "2025-08", "post_count": 2, "avg_reactions": 11.0, "avg_comments": 3.0, "avg_restacks": 0.0, "avg_reactions_per_1k": 1.6923076923076925, "avg_comments_per_1k": 0.46153846153846156, "avg_restacks_per_1k": 0.0}]}