{"topic": "writing craft", "generated_at": "2025-09-14T12:36:23+00:00", "series": [{"month": "2025-06", "post_count": 5, "avg_reactions": 9.0, "avg_comments": 5.2, "avg_restacks": 0.8, "avg_reactions_per_1k": 2.647058823529412, "avg_comments_per_1k": 1.5294117647058825, "avg_restacks_per_1k": 0.23529411764705882}, {"month": "2025-07", "post_count": 7, "avg_reactions": 13.714285714285714, "avg_comments": 5.142857142857143, "avg_restacks": 3.0, "avg_reactions_per_1k": 4.033613445378152, "avg_comments_per_1k": 1.5126050420168067, "avg_restacks_per_1k": 0.8823529411764707}, {"month": "2025-08", "post_count": 7, "avg_reactions": 22.142857142857142, "avg_comments": 15.142857142857142, "avg_restacks": 4.714285714285714, "avg_reactions_per_1k": 6.512605042016808, "avg_comments_per_1k": 4.453781512605042, "avg_restacks_per_1k": 1.3865546218487397}, {"month": "2025-09", "post_count": 2, "avg_reactions": 10.5, "avg_comments": 9.0, "avg_restacks": 2.0, "avg_reactions_per_1k": 3.088235294117647, "avg_comments_per_1k": 2.647058823529412, "avg_restacks_per_1k": 0.5882352941176471}]}