{"topic": "writing life", "generated_at": "2025-09-14T12:36:23+00:00", "series": [{"month": "2025-06", "post_count": 3, "avg_reactions": 10.666666666666666, "avg_comments": 6.0, "avg_restacks": 1.0, "avg_reactions_per_1k": 3.1372549019607843, "avg_comments_per_1k": 1.7647058823529411, "avg_restacks_per_1k": 0.29411764705882354}, {"month": "2025-07", "post_count": 3, "avg_reactions": 15.333333333333334, "avg_comments": 8.333333333333334, "avg_restacks": 3.3333333333333335, "avg_reactions_per_1k": 4.509803921568628, "avg_comments_per_1k": 2.450980392156863, "avg_restacks_per_1k": 0.9803921568627451}, {"month": "2025-08", "post_count": 7, "avg_reactions": 12.0, "avg_comments": 7.285714285714286, "avg_restacks": 2.2857142857142856, "avg_reactions_per_1k": 3.5294117647058827, "avg_comments_per_1k": 2.142857142857143, "avg_restacks_per_1k": 0.6722689075630253}]}