{"topic": "Youth Sport", "generated_at": "2025-09-14T12:36:23+00:00", "series": [{"month": "2025-07", "post_count": 5, "avg_reactions": 4.6, "avg_comments": 0.4, "avg_restacks": 0.2, "avg_reactions_per_1k": 0.6216216216216217, "avg_comments_per_1k": 0.05405405405405406, "avg_restacks_per_1k": 0.02702702702702703}]}