{"topic": "Zucchini", "generated_at": "2025-09-14T12:36:23+00:00", "series": [{"month": "2025-07", "post_count": 2, "avg_reactions": 319.5, "avg_comments": 61.0, "avg_restacks": 8.5, "avg_reactions_per_1k": 0.8611717974180735, "avg_comments_per_1k": 0.13075140681893413, "avg_restacks_per_1k": 0.023866269447202913}, {"month": "2025-08", "post_count": 2, "avg_reactions": 31.0, "avg_comments": 10.0, "avg_restacks": 1.5, "avg_reactions_per_1k": 0.543859649122807, "avg_comments_per_1k": 0.17543859649122806, "avg_restacks_per_1k": 0.02631578947368421}]}